[14-04-2026 08:34:57] START
[14-04-2026 08:34:57] HEARTBEAT|bidding-processor
[14-04-2026 08:34:58] HEARTBEAT|message-processor
[14-04-2026 08:34:58] HEARTBEAT|auctioneer
[14-04-2026 08:34:58] HEARTBEAT|bidder_0e84153cac0b
[14-04-2026 08:34:58] HEARTBEAT|bidder_44bdd11bd881
[14-04-2026 08:34:58] HEARTBEAT|bidder_8e56bd4a31d5
[14-04-2026 08:35:02] HEARTBEAT|bidding-processor
[14-04-2026 08:35:03] HEARTBEAT|message-processor
[14-04-2026 08:35:03] HEARTBEAT|auctioneer
[14-04-2026 08:35:03] HEARTBEAT|bidder_0e84153cac0b
[14-04-2026 08:35:03] HEARTBEAT|bidder_44bdd11bd881
[14-04-2026 08:35:03] HEARTBEAT|bidder_8e56bd4a31d5
[14-04-2026 08:35:07] HEARTBEAT|bidding-processor
[14-04-2026 08:35:08] HEARTBEAT|message-processor
[14-04-2026 08:35:08] HEARTBEAT|auctioneer
[14-04-2026 08:35:08] HEARTBEAT|bidder_0e84153cac0b
[14-04-2026 08:35:08] HEARTBEAT|bidder_44bdd11bd881
[14-04-2026 08:35:08] HEARTBEAT|bidder_8e56bd4a31d5
[14-04-2026 08:35:12] HEARTBEAT|bidding-processor
[14-04-2026 08:35:13] HEARTBEAT|message-processor
[14-04-2026 08:35:13] HEARTBEAT|auctioneer
[14-04-2026 08:35:13] HEARTBEAT|bidder_0e84153cac0b
[14-04-2026 08:35:13] HEARTBEAT|bidder_44bdd11bd881
[14-04-2026 08:35:13] HEARTBEAT|bidder_8e56bd4a31d5
[14-04-2026 08:35:24] RESTART|auctioneer
[14-04-2026 08:35:25] RESTART|bidder_0e84153cac0b
[14-04-2026 08:35:25] HEARTBEAT|auctioneer
[14-04-2026 08:35:25] RESTART|bidding-processor
[14-04-2026 08:35:25] HEARTBEAT|bidder_0e84153cac0b
[14-04-2026 08:35:25] RESTART|bidder_8e56bd4a31d5
[14-04-2026 08:35:25] HEARTBEAT|bidding-processor
[14-04-2026 08:35:25] RESTART|message-processor
[14-04-2026 08:35:25] HEARTBEAT|bidder_8e56bd4a31d5
[14-04-2026 08:35:26] RESTART|bidder_44bdd11bd881
[14-04-2026 08:35:26] HEARTBEAT|message-processor
[14-04-2026 08:35:26] HEARTBEAT|bidder_44bdd11bd881
[14-04-2026 08:35:30] HEARTBEAT|auctioneer
[14-04-2026 08:35:30] HEARTBEAT|bidder_0e84153cac0b
[14-04-2026 08:35:30] HEARTBEAT|bidding-processor
[14-04-2026 08:35:30] HEARTBEAT|bidder_8e56bd4a31d5
[14-04-2026 08:35:31] HEARTBEAT|message-processor
[14-04-2026 08:35:31] HEARTBEAT|bidder_44bdd11bd881
[14-04-2026 08:35:35] HEARTBEAT|auctioneer
[14-04-2026 08:35:35] HEARTBEAT|bidder_0e84153cac0b
[14-04-2026 08:35:35] HEARTBEAT|bidding-processor
[14-04-2026 08:35:35] HEARTBEAT|bidder_8e56bd4a31d5
[14-04-2026 08:35:36] HEARTBEAT|message-processor
[14-04-2026 08:35:36] HEARTBEAT|bidder_44bdd11bd881
[14-04-2026 08:35:40] HEARTBEAT|auctioneer
[14-04-2026 08:35:40] HEARTBEAT|bidder_0e84153cac0b
[14-04-2026 08:35:40] HEARTBEAT|bidder_8e56bd4a31d5
[14-04-2026 08:35:41] HEARTBEAT|message-processor
[14-04-2026 08:35:41] HEARTBEAT|bidder_44bdd11bd881
[14-04-2026 08:35:45] HEARTBEAT|auctioneer
[14-04-2026 08:35:45] HEARTBEAT|bidder_0e84153cac0b
[14-04-2026 08:35:45] HEARTBEAT|bidder_8e56bd4a31d5
[14-04-2026 08:35:46] HEARTBEAT|bidder_44bdd11bd881
[14-04-2026 08:35:47] RESTART|bidding-processor
[14-04-2026 08:35:47] HEARTBEAT|bidding-processor
[14-04-2026 08:35:50] HEARTBEAT|auctioneer
[14-04-2026 08:35:50] HEARTBEAT|bidder_0e84153cac0b
[14-04-2026 08:35:50] HEARTBEAT|bidder_8e56bd4a31d5
[14-04-2026 08:35:51] HEARTBEAT|bidder_44bdd11bd881
[14-04-2026 08:35:52] HEARTBEAT|bidding-processor
[14-04-2026 08:35:53] RESTART|message-processor
[14-04-2026 08:35:53] HEARTBEAT|message-processor
[14-04-2026 08:35:55] HEARTBEAT|auctioneer
[14-04-2026 08:35:55] HEARTBEAT|bidder_0e84153cac0b
[14-04-2026 08:35:55] HEARTBEAT|bidder_8e56bd4a31d5
[14-04-2026 08:35:56] HEARTBEAT|bidder_44bdd11bd881
[14-04-2026 08:35:57] HEARTBEAT|bidding-processor
[14-04-2026 08:35:58] HEARTBEAT|message-processor
[14-04-2026 08:36:02] HEARTBEAT|bidding-processor
[14-04-2026 08:36:03] HEARTBEAT|message-processor
[14-04-2026 08:36:05] RESTART|auctioneer
[14-04-2026 08:36:06] RESTART|bidder_0e84153cac0b
[14-04-2026 08:36:06] HEARTBEAT|auctioneer
[14-04-2026 08:36:06] HEARTBEAT|bidder_0e84153cac0b
[14-04-2026 08:36:09] RESTART|bidder_8e56bd4a31d5
[14-04-2026 08:36:09] RESTART|bidder_44bdd11bd881
[14-04-2026 08:36:09] HEARTBEAT|bidder_8e56bd4a31d5
[14-04-2026 08:36:09] EROARE|java.lang.Exception: Eroare: Microserviciul 53308 a fost deconectat.
[14-04-2026 08:36:09] ERROR: Microserviciul 53308 a fost deconectat
[14-04-2026 08:36:12] RESTART|bidding-processor
[14-04-2026 08:36:12] RESTART|bidder_44bdd11bd881
[14-04-2026 08:36:16] RESTART|auctioneer
[14-04-2026 08:36:16] RESTART|bidding-processor
[14-04-2026 08:36:17] RESTART|message-processor
[14-04-2026 08:36:17] RESTART|bidder_44bdd11bd881
[14-04-2026 08:36:20] RESTART|auctioneer
[14-04-2026 08:36:21] RESTART|bidder_0e84153cac0b
[14-04-2026 08:36:21] RESTART|bidding-processor
[14-04-2026 08:36:22] RESTART|bidder_8e56bd4a31d5
[14-04-2026 08:36:22] RESTART|message-processor
[14-04-2026 08:36:22] RESTART|bidder_44bdd11bd881
[14-04-2026 08:36:25] RESTART|auctioneer
[14-04-2026 08:36:26] RESTART|bidder_0e84153cac0b
[23-04-2026 08:48:55] START
[23-04-2026 08:48:55] HEARTBEAT|bidding-processor
[23-04-2026 08:48:56] HEARTBEAT|message-processor
[23-04-2026 08:48:56] HEARTBEAT|auctioneer
[23-04-2026 08:48:56] HEARTBEAT|bidder_c9ee3da5d4a9
[23-04-2026 08:48:56] HEARTBEAT|bidder_69d3ce03da18
[23-04-2026 08:48:57] HEARTBEAT|bidder_81ef97d2e4a2
[23-04-2026 08:49:00] HEARTBEAT|bidding-processor
[23-04-2026 08:49:01] HEARTBEAT|message-processor
[23-04-2026 08:49:01] HEARTBEAT|auctioneer
[23-04-2026 08:49:01] HEARTBEAT|bidder_c9ee3da5d4a9
[23-04-2026 08:49:01] HEARTBEAT|bidder_69d3ce03da18
[23-04-2026 08:49:02] HEARTBEAT|bidder_81ef97d2e4a2
[23-04-2026 08:50:16] RESTART|auctioneer
[23-04-2026 08:50:17] HEARTBEAT|bidding-processor
[23-04-2026 08:50:18] RESTART|bidder_c9ee3da5d4a9
[23-04-2026 08:50:18] HEARTBEAT|auctioneer
[23-04-2026 08:50:18] HEARTBEAT|message-processor
[23-04-2026 08:50:18] RESTART|bidder_81ef97d2e4a2
[23-04-2026 08:50:18] HEARTBEAT|bidder_c9ee3da5d4a9
[23-04-2026 08:50:18] RESTART|bidder_69d3ce03da18
[23-04-2026 08:50:18] HEARTBEAT|bidder_81ef97d2e4a2
[23-04-2026 08:50:18] HEARTBEAT|bidder_69d3ce03da18
[23-04-2026 08:50:22] HEARTBEAT|bidding-processor
[23-04-2026 08:50:23] HEARTBEAT|auctioneer
[23-04-2026 08:50:23] HEARTBEAT|message-processor
[23-04-2026 08:50:23] HEARTBEAT|bidder_c9ee3da5d4a9
[23-04-2026 08:50:23] HEARTBEAT|bidder_81ef97d2e4a2
[23-04-2026 08:50:23] HEARTBEAT|bidder_69d3ce03da18
[23-04-2026 08:50:27] HEARTBEAT|bidding-processor
[23-04-2026 08:50:28] HEARTBEAT|auctioneer
[23-04-2026 08:50:28] HEARTBEAT|message-processor
[23-04-2026 08:50:28] HEARTBEAT|bidder_c9ee3da5d4a9
[23-04-2026 08:50:28] HEARTBEAT|bidder_81ef97d2e4a2
[23-04-2026 08:50:28] HEARTBEAT|bidder_69d3ce03da18
[23-04-2026 08:50:32] HEARTBEAT|bidding-processor
[23-04-2026 08:50:33] HEARTBEAT|auctioneer
[23-04-2026 08:50:33] HEARTBEAT|message-processor
[23-04-2026 08:50:33] HEARTBEAT|bidder_c9ee3da5d4a9
[23-04-2026 08:50:33] HEARTBEAT|bidder_81ef97d2e4a2
[23-04-2026 08:50:33] HEARTBEAT|bidder_69d3ce03da18
[23-04-2026 08:50:45] RESTART|auctioneer
[23-04-2026 08:50:45] RESTART|bidding-processor
[23-04-2026 08:50:45] HEARTBEAT|auctioneer
[23-04-2026 08:50:46] RESTART|bidder_c9ee3da5d4a9
[23-04-2026 08:50:46] HEARTBEAT|bidding-processor
[23-04-2026 08:50:46] RESTART|bidder_81ef97d2e4a2
[23-04-2026 08:50:46] HEARTBEAT|bidder_c9ee3da5d4a9
[23-04-2026 08:50:46] RESTART|message-processor
[23-04-2026 08:50:46] HEARTBEAT|bidder_81ef97d2e4a2
[23-04-2026 08:50:46] RESTART|bidder_69d3ce03da18
[23-04-2026 08:50:46] HEARTBEAT|message-processor
[23-04-2026 08:50:47] HEARTBEAT|bidder_69d3ce03da18
[23-04-2026 08:50:50] HEARTBEAT|auctioneer
[23-04-2026 08:50:51] HEARTBEAT|bidding-processor
[23-04-2026 08:50:51] HEARTBEAT|bidder_c9ee3da5d4a9
[23-04-2026 08:50:51] HEARTBEAT|bidder_81ef97d2e4a2
[23-04-2026 08:50:51] HEARTBEAT|message-processor
[23-04-2026 08:50:52] HEARTBEAT|bidder_69d3ce03da18
[23-04-2026 08:50:55] HEARTBEAT|auctioneer
[23-04-2026 08:50:56] HEARTBEAT|bidding-processor
[23-04-2026 08:50:56] HEARTBEAT|bidder_c9ee3da5d4a9
[23-04-2026 08:50:56] HEARTBEAT|bidder_81ef97d2e4a2
[23-04-2026 08:50:56] HEARTBEAT|message-processor
[23-04-2026 08:50:57] HEARTBEAT|bidder_69d3ce03da18
[23-04-2026 08:51:00] HEARTBEAT|auctioneer
[23-04-2026 08:51:01] HEARTBEAT|bidding-processor
[23-04-2026 08:51:01] HEARTBEAT|bidder_c9ee3da5d4a9
[23-04-2026 08:51:01] HEARTBEAT|bidder_81ef97d2e4a2
[23-04-2026 08:51:01] HEARTBEAT|message-processor
[23-04-2026 08:51:02] HEARTBEAT|bidder_69d3ce03da18
[23-04-2026 08:51:04] START
[23-04-2026 08:51:04] HEARTBEAT|bidding-processor
[23-04-2026 08:51:04] HEARTBEAT|message-processor
[23-04-2026 08:51:05] HEARTBEAT|auctioneer
[23-04-2026 08:51:05] HEARTBEAT|bidder_d4dcf8b3cc6b
[23-04-2026 08:51:05] HEARTBEAT|bidder_70d239c178e7
[23-04-2026 08:51:05] HEARTBEAT|bidder_ef93b2e93db6
[23-04-2026 08:51:09] HEARTBEAT|bidding-processor
[23-04-2026 08:51:09] HEARTBEAT|message-processor
[23-04-2026 08:51:10] HEARTBEAT|auctioneer
[23-04-2026 08:51:10] HEARTBEAT|bidder_d4dcf8b3cc6b
[23-04-2026 08:51:10] HEARTBEAT|bidder_70d239c178e7
[23-04-2026 08:51:10] HEARTBEAT|bidder_ef93b2e93db6
[23-04-2026 08:51:14] HEARTBEAT|bidding-processor
[23-04-2026 08:51:14] HEARTBEAT|message-processor
[23-04-2026 08:51:15] HEARTBEAT|auctioneer
[23-04-2026 08:51:15] HEARTBEAT|bidder_d4dcf8b3cc6b
[23-04-2026 08:51:15] HEARTBEAT|bidder_70d239c178e7
[23-04-2026 08:51:15] HEARTBEAT|bidder_ef93b2e93db6
[23-04-2026 08:51:19] HEARTBEAT|bidding-processor
[23-04-2026 08:51:19] HEARTBEAT|message-processor
[23-04-2026 08:51:20] HEARTBEAT|auctioneer
[23-04-2026 08:51:20] HEARTBEAT|bidder_d4dcf8b3cc6b
[23-04-2026 08:51:20] HEARTBEAT|bidder_70d239c178e7
[23-04-2026 08:51:20] HEARTBEAT|bidder_ef93b2e93db6
[23-04-2026 08:51:31] RESTART|auctioneer
[23-04-2026 08:51:31] RESTART|bidding-processor
[23-04-2026 08:51:32] HEARTBEAT|auctioneer
[23-04-2026 08:51:32] RESTART|bidder_70d239c178e7
[23-04-2026 08:51:32] HEARTBEAT|bidding-processor
[23-04-2026 08:51:32] RESTART|bidder_ef93b2e93db6
[23-04-2026 08:51:32] HEARTBEAT|bidder_70d239c178e7
[23-04-2026 08:51:32] RESTART|message-processor
[23-04-2026 08:51:32] HEARTBEAT|bidder_ef93b2e93db6
[23-04-2026 08:51:32] RESTART|bidder_d4dcf8b3cc6b
[23-04-2026 08:51:32] HEARTBEAT|message-processor
[23-04-2026 08:51:33] HEARTBEAT|bidder_d4dcf8b3cc6b
[23-04-2026 08:51:37] HEARTBEAT|auctioneer
[23-04-2026 08:51:37] HEARTBEAT|bidding-processor
[23-04-2026 08:51:37] HEARTBEAT|bidder_70d239c178e7
[23-04-2026 08:51:37] HEARTBEAT|bidder_ef93b2e93db6
[23-04-2026 08:51:37] HEARTBEAT|message-processor
[23-04-2026 08:51:38] HEARTBEAT|bidder_d4dcf8b3cc6b
[23-04-2026 08:51:42] HEARTBEAT|auctioneer
[23-04-2026 08:51:42] HEARTBEAT|bidding-processor
[23-04-2026 08:51:42] HEARTBEAT|bidder_70d239c178e7
[23-04-2026 08:51:42] HEARTBEAT|bidder_ef93b2e93db6
[23-04-2026 08:51:42] HEARTBEAT|message-processor
[23-04-2026 08:51:43] HEARTBEAT|bidder_d4dcf8b3cc6b
[23-04-2026 08:51:47] HEARTBEAT|auctioneer
[23-04-2026 08:51:47] HEARTBEAT|bidding-processor
[23-04-2026 08:51:47] HEARTBEAT|bidder_70d239c178e7
[23-04-2026 08:51:47] HEARTBEAT|bidder_ef93b2e93db6
[23-04-2026 08:51:47] HEARTBEAT|message-processor
[23-04-2026 08:51:48] HEARTBEAT|bidder_d4dcf8b3cc6b
[23-04-2026 08:51:57] RESTART|auctioneer
[23-04-2026 08:51:57] HEARTBEAT|auctioneer
[23-04-2026 08:52:00] RESTART|bidding-processor
[23-04-2026 08:52:00] RESTART|bidder_70d239c178e7
[23-04-2026 08:52:00] HEARTBEAT|bidding-processor
[23-04-2026 08:52:00] RESTART|bidder_ef93b2e93db6
[23-04-2026 08:52:00] HEARTBEAT|bidder_70d239c178e7
[23-04-2026 08:52:01] RESTART|message-processor
[23-04-2026 08:52:01] HEARTBEAT|bidder_ef93b2e93db6
[23-04-2026 08:52:01] RESTART|bidder_d4dcf8b3cc6b
[23-04-2026 08:52:01] HEARTBEAT|message-processor
[23-04-2026 08:52:01] HEARTBEAT|bidder_d4dcf8b3cc6b
[23-04-2026 08:52:02] HEARTBEAT|auctioneer
[23-04-2026 08:52:05] HEARTBEAT|bidding-processor
[23-04-2026 08:52:05] HEARTBEAT|bidder_70d239c178e7
[23-04-2026 08:52:06] HEARTBEAT|bidder_ef93b2e93db6
[23-04-2026 08:52:06] HEARTBEAT|message-processor
[23-04-2026 08:52:06] HEARTBEAT|bidder_d4dcf8b3cc6b
[23-04-2026 08:52:07] HEARTBEAT|auctioneer
[23-04-2026 08:52:10] HEARTBEAT|bidding-processor
[23-04-2026 08:52:10] HEARTBEAT|bidder_70d239c178e7
[23-04-2026 08:52:11] HEARTBEAT|bidder_ef93b2e93db6
[23-04-2026 08:52:11] HEARTBEAT|message-processor
[23-04-2026 08:52:11] HEARTBEAT|bidder_d4dcf8b3cc6b
[23-04-2026 08:52:12] HEARTBEAT|auctioneer
[23-04-2026 08:52:15] HEARTBEAT|bidding-processor
[23-04-2026 08:52:15] HEARTBEAT|bidder_70d239c178e7
[23-04-2026 08:52:16] HEARTBEAT|bidder_ef93b2e93db6
[23-04-2026 08:52:16] HEARTBEAT|message-processor
[23-04-2026 08:52:16] HEARTBEAT|bidder_d4dcf8b3cc6b
[23-04-2026 08:52:22] RESTART|auctioneer
[23-04-2026 08:52:22] HEARTBEAT|auctioneer
[23-04-2026 08:52:25] RESTART|bidding-processor
[23-04-2026 08:52:26] HEARTBEAT|bidding-processor
[23-04-2026 08:52:27] HEARTBEAT|auctioneer
[23-04-2026 08:52:28] RESTART|bidder_70d239c178e7
[23-04-2026 08:52:29] RESTART|bidder_ef93b2e93db6
[23-04-2026 08:52:29] HEARTBEAT|bidder_70d239c178e7
[23-04-2026 08:52:29] RESTART|message-processor
[23-04-2026 08:52:29] HEARTBEAT|bidder_ef93b2e93db6
[23-04-2026 08:52:29] RESTART|bidder_d4dcf8b3cc6b
[23-04-2026 08:52:29] HEARTBEAT|message-processor
[23-04-2026 08:52:29] HEARTBEAT|bidder_d4dcf8b3cc6b
[23-04-2026 08:52:31] HEARTBEAT|bidding-processor
[23-04-2026 08:52:32] HEARTBEAT|auctioneer
[23-04-2026 08:52:34] HEARTBEAT|bidder_70d239c178e7
[23-04-2026 08:52:34] HEARTBEAT|bidder_ef93b2e93db6
[23-04-2026 08:52:34] HEARTBEAT|message-processor
[23-04-2026 08:52:34] HEARTBEAT|bidder_d4dcf8b3cc6b
[23-04-2026 08:52:36] HEARTBEAT|bidding-processor
[23-04-2026 08:52:37] HEARTBEAT|auctioneer
[23-04-2026 08:52:39] HEARTBEAT|bidder_70d239c178e7
[23-04-2026 08:52:39] HEARTBEAT|bidder_ef93b2e93db6
[23-04-2026 08:52:39] HEARTBEAT|message-processor
[23-04-2026 08:52:39] HEARTBEAT|bidder_d4dcf8b3cc6b
[23-04-2026 08:52:41] HEARTBEAT|bidding-processor
[23-04-2026 08:52:42] HEARTBEAT|auctioneer
[23-04-2026 08:52:44] HEARTBEAT|bidder_70d239c178e7
[23-04-2026 08:52:44] HEARTBEAT|bidder_ef93b2e93db6
[23-04-2026 08:52:44] HEARTBEAT|message-processor
[23-04-2026 08:52:44] HEARTBEAT|bidder_d4dcf8b3cc6b
[23-04-2026 08:52:53] RESTART|auctioneer
[23-04-2026 08:52:54] RESTART|bidding-processor
[23-04-2026 08:52:54] HEARTBEAT|auctioneer
[23-04-2026 08:52:54] HEARTBEAT|bidding-processor
[23-04-2026 08:52:57] RESTART|bidder_70d239c178e7
[23-04-2026 08:52:57] RESTART|bidder_ef93b2e93db6
[23-04-2026 08:52:57] HEARTBEAT|bidder_70d239c178e7
[23-04-2026 08:52:57] RESTART|message-processor
[23-04-2026 08:52:58] HEARTBEAT|bidder_ef93b2e93db6
[23-04-2026 08:52:58] RESTART|bidder_d4dcf8b3cc6b
[23-04-2026 08:52:58] HEARTBEAT|message-processor
[23-04-2026 08:52:58] HEARTBEAT|bidder_d4dcf8b3cc6b
[23-04-2026 08:52:59] HEARTBEAT|auctioneer
[23-04-2026 08:52:59] HEARTBEAT|bidding-processor
[23-04-2026 08:53:02] HEARTBEAT|bidder_70d239c178e7
[23-04-2026 08:53:03] HEARTBEAT|bidder_ef93b2e93db6
[23-04-2026 08:53:03] HEARTBEAT|message-processor
[23-04-2026 08:53:03] HEARTBEAT|bidder_d4dcf8b3cc6b
[23-04-2026 08:53:04] HEARTBEAT|auctioneer
[23-04-2026 08:53:04] HEARTBEAT|bidding-processor
[23-04-2026 08:53:07] HEARTBEAT|bidder_70d239c178e7
[23-04-2026 08:53:08] HEARTBEAT|bidder_ef93b2e93db6
[23-04-2026 08:53:08] HEARTBEAT|message-processor
[23-04-2026 08:53:08] HEARTBEAT|bidder_d4dcf8b3cc6b
[23-04-2026 08:53:09] HEARTBEAT|auctioneer
[23-04-2026 08:53:09] HEARTBEAT|bidding-processor
[23-04-2026 08:53:12] HEARTBEAT|bidder_70d239c178e7
[23-04-2026 08:53:13] HEARTBEAT|bidder_ef93b2e93db6
[23-04-2026 08:53:13] HEARTBEAT|message-processor
[23-04-2026 08:53:13] HEARTBEAT|bidder_d4dcf8b3cc6b
[23-04-2026 08:53:19] RESTART|auctioneer
[23-04-2026 08:53:19] HEARTBEAT|auctioneer
[23-04-2026 08:53:22] RESTART|bidding-processor
[23-04-2026 08:53:22] RESTART|bidder_70d239c178e7
[23-04-2026 08:53:23] HEARTBEAT|bidding-processor
[23-04-2026 08:53:23] HEARTBEAT|bidder_70d239c178e7
[23-04-2026 08:53:24] HEARTBEAT|auctioneer
[23-04-2026 08:53:26] RESTART|bidder_ef93b2e93db6
[23-04-2026 08:53:26] RESTART|message-processor
[23-04-2026 08:53:26] HEARTBEAT|bidder_ef93b2e93db6
[23-04-2026 08:53:26] RESTART|bidder_d4dcf8b3cc6b
[23-04-2026 08:53:26] HEARTBEAT|message-processor
[23-04-2026 08:53:26] HEARTBEAT|bidder_d4dcf8b3cc6b
[23-04-2026 08:53:28] HEARTBEAT|bidding-processor
[23-04-2026 08:53:28] HEARTBEAT|bidder_70d239c178e7
[23-04-2026 08:53:29] HEARTBEAT|auctioneer
[23-04-2026 08:53:31] HEARTBEAT|bidder_ef93b2e93db6
[23-04-2026 08:53:31] HEARTBEAT|message-processor
[23-04-2026 08:53:31] HEARTBEAT|bidder_d4dcf8b3cc6b
[23-04-2026 08:53:33] HEARTBEAT|bidding-processor
[23-04-2026 08:53:33] HEARTBEAT|bidder_70d239c178e7
[23-04-2026 08:53:34] HEARTBEAT|auctioneer
[23-04-2026 08:53:36] HEARTBEAT|bidder_ef93b2e93db6
[23-04-2026 08:53:36] HEARTBEAT|message-processor
[23-04-2026 08:53:36] HEARTBEAT|bidder_d4dcf8b3cc6b
[23-04-2026 08:53:38] HEARTBEAT|bidding-processor
[23-04-2026 08:53:38] HEARTBEAT|bidder_70d239c178e7
[23-04-2026 08:53:39] HEARTBEAT|auctioneer
[23-04-2026 08:53:41] HEARTBEAT|bidder_ef93b2e93db6
[23-04-2026 08:53:41] HEARTBEAT|message-processor
[23-04-2026 08:53:41] HEARTBEAT|bidder_d4dcf8b3cc6b
[23-04-2026 08:53:50] RESTART|auctioneer
[23-04-2026 08:53:51] RESTART|bidding-processor
[23-04-2026 08:53:51] HEARTBEAT|auctioneer
[23-04-2026 08:53:51] RESTART|bidder_70d239c178e7
[23-04-2026 08:53:51] HEARTBEAT|bidding-processor
[23-04-2026 08:53:51] HEARTBEAT|bidder_70d239c178e7
[23-04-2026 08:56:02] START
[23-04-2026 08:56:02] HEARTBEAT|bidding-processor
[23-04-2026 08:56:02] HEARTBEAT|message-processor
[23-04-2026 08:56:02] HEARTBEAT|auctioneer
[23-04-2026 08:56:02] HEARTBEAT|bidder_4e246f12d06c
[23-04-2026 08:56:03] HEARTBEAT|bidder_70285923a81e
[23-04-2026 08:56:03] HEARTBEAT|bidder_94255ae7934d
[23-04-2026 08:56:07] HEARTBEAT|bidding-processor
[23-04-2026 08:56:07] HEARTBEAT|message-processor
[23-04-2026 08:56:07] HEARTBEAT|auctioneer
[23-04-2026 08:56:07] HEARTBEAT|bidder_4e246f12d06c
[23-04-2026 08:56:08] HEARTBEAT|bidder_70285923a81e
[23-04-2026 08:56:08] HEARTBEAT|bidder_94255ae7934d
[23-04-2026 08:56:12] HEARTBEAT|bidding-processor
[23-04-2026 08:56:12] HEARTBEAT|message-processor
[23-04-2026 08:56:12] HEARTBEAT|auctioneer
[23-04-2026 08:56:12] HEARTBEAT|bidder_4e246f12d06c
[23-04-2026 08:56:13] HEARTBEAT|bidder_70285923a81e
[23-04-2026 08:56:13] HEARTBEAT|bidder_94255ae7934d
[23-04-2026 08:56:17] HEARTBEAT|bidding-processor
[23-04-2026 08:56:17] HEARTBEAT|message-processor
[23-04-2026 08:56:17] HEARTBEAT|auctioneer
[23-04-2026 08:56:17] HEARTBEAT|bidder_4e246f12d06c
[23-04-2026 08:56:18] HEARTBEAT|bidder_70285923a81e
[23-04-2026 08:56:18] HEARTBEAT|bidder_94255ae7934d
[23-04-2026 08:56:29] RESTART|auctioneer
[23-04-2026 08:56:29] RESTART|bidding-processor
[23-04-2026 08:56:29] HEARTBEAT|auctioneer
[23-04-2026 08:56:29] RESTART|bidder_94255ae7934d
[23-04-2026 08:56:29] HEARTBEAT|bidding-processor
[23-04-2026 08:56:29] RESTART|bidder_4e246f12d06c
[23-04-2026 08:56:29] HEARTBEAT|bidder_94255ae7934d
[23-04-2026 08:56:30] RESTART|message-processor
[23-04-2026 08:56:30] HEARTBEAT|bidder_4e246f12d06c
[23-04-2026 08:56:30] RESTART|bidder_70285923a81e
[23-04-2026 08:56:30] HEARTBEAT|message-processor
[23-04-2026 08:56:30] HEARTBEAT|bidder_70285923a81e
[23-04-2026 08:56:34] HEARTBEAT|auctioneer
[23-04-2026 08:56:34] HEARTBEAT|bidding-processor
[23-04-2026 08:56:34] HEARTBEAT|bidder_94255ae7934d
[23-04-2026 08:56:35] HEARTBEAT|bidder_4e246f12d06c
[23-04-2026 08:56:35] HEARTBEAT|message-processor
[23-04-2026 08:56:35] HEARTBEAT|bidder_70285923a81e
[23-04-2026 08:56:39] HEARTBEAT|auctioneer
[23-04-2026 08:56:39] HEARTBEAT|bidding-processor
[23-04-2026 08:56:39] HEARTBEAT|bidder_94255ae7934d
[23-04-2026 08:56:40] HEARTBEAT|bidder_4e246f12d06c
[23-04-2026 08:56:40] HEARTBEAT|message-processor
[23-04-2026 08:56:40] HEARTBEAT|bidder_70285923a81e
[23-04-2026 08:56:44] HEARTBEAT|auctioneer
[23-04-2026 08:56:44] HEARTBEAT|bidding-processor
[23-04-2026 08:56:44] HEARTBEAT|bidder_94255ae7934d
[23-04-2026 08:56:45] HEARTBEAT|bidder_4e246f12d06c
[23-04-2026 08:56:45] HEARTBEAT|message-processor
[23-04-2026 08:56:45] HEARTBEAT|bidder_70285923a81e
[23-04-2026 08:56:57] RESTART|auctioneer
[23-04-2026 08:56:57] RESTART|bidding-processor
[23-04-2026 08:56:57] HEARTBEAT|auctioneer
[23-04-2026 08:56:57] RESTART|bidder_94255ae7934d
[23-04-2026 08:56:58] HEARTBEAT|bidding-processor
[23-04-2026 08:56:58] RESTART|bidder_4e246f12d06c
[23-04-2026 08:56:58] HEARTBEAT|bidder_94255ae7934d
[23-04-2026 08:56:58] RESTART|message-processor
[23-04-2026 08:56:58] HEARTBEAT|bidder_4e246f12d06c
[23-04-2026 08:56:58] RESTART|bidder_70285923a81e
[23-04-2026 08:56:58] HEARTBEAT|message-processor
[23-04-2026 08:56:58] HEARTBEAT|bidder_70285923a81e
[23-04-2026 08:57:02] HEARTBEAT|auctioneer
[23-04-2026 08:57:03] HEARTBEAT|bidding-processor
[23-04-2026 08:57:03] HEARTBEAT|bidder_94255ae7934d
[23-04-2026 08:57:03] HEARTBEAT|bidder_4e246f12d06c
[23-04-2026 08:57:03] HEARTBEAT|message-processor
[23-04-2026 08:57:03] HEARTBEAT|bidder_70285923a81e
[23-04-2026 08:57:07] HEARTBEAT|auctioneer
[23-04-2026 08:57:08] HEARTBEAT|bidding-processor
[23-04-2026 08:57:08] HEARTBEAT|bidder_94255ae7934d
[23-04-2026 08:57:08] HEARTBEAT|bidder_4e246f12d06c
[23-04-2026 08:57:08] HEARTBEAT|message-processor
[23-04-2026 08:57:08] HEARTBEAT|bidder_70285923a81e
[23-04-2026 08:57:12] HEARTBEAT|auctioneer
[23-04-2026 08:57:13] HEARTBEAT|bidding-processor
[23-04-2026 08:57:13] HEARTBEAT|bidder_94255ae7934d
[23-04-2026 08:57:13] HEARTBEAT|bidder_4e246f12d06c
[23-04-2026 08:57:13] HEARTBEAT|message-processor
[23-04-2026 08:57:13] HEARTBEAT|bidder_70285923a81e
[23-04-2026 08:57:22] RESTART|auctioneer
[23-04-2026 08:57:23] HEARTBEAT|auctioneer
[23-04-2026 08:57:26] RESTART|bidding-processor
[23-04-2026 08:57:26] RESTART|bidder_94255ae7934d
[23-04-2026 08:57:26] HEARTBEAT|bidding-processor
[23-04-2026 08:57:26] RESTART|bidder_4e246f12d06c
[23-04-2026 08:57:26] HEARTBEAT|bidder_94255ae7934d
[23-04-2026 08:57:26] RESTART|message-processor
[23-04-2026 08:57:26] HEARTBEAT|bidder_4e246f12d06c
[23-04-2026 08:57:26] RESTART|bidder_70285923a81e
[23-04-2026 08:57:27] HEARTBEAT|message-processor
[23-04-2026 08:57:27] HEARTBEAT|bidder_70285923a81e
[23-04-2026 08:57:28] HEARTBEAT|auctioneer
[23-04-2026 08:57:31] HEARTBEAT|bidding-processor
[23-04-2026 08:57:31] HEARTBEAT|bidder_94255ae7934d
[23-04-2026 08:57:31] HEARTBEAT|bidder_4e246f12d06c
[23-04-2026 08:57:32] HEARTBEAT|message-processor
[23-04-2026 08:57:32] HEARTBEAT|bidder_70285923a81e
[23-04-2026 08:57:33] HEARTBEAT|auctioneer
[23-04-2026 08:57:36] HEARTBEAT|bidding-processor
[23-04-2026 08:57:36] HEARTBEAT|bidder_94255ae7934d
[23-04-2026 08:57:36] HEARTBEAT|bidder_4e246f12d06c
[23-04-2026 08:57:37] HEARTBEAT|message-processor
[23-04-2026 08:57:37] HEARTBEAT|bidder_70285923a81e
[23-04-2026 08:57:38] HEARTBEAT|auctioneer
[23-04-2026 08:57:41] HEARTBEAT|bidding-processor
[23-04-2026 08:57:41] HEARTBEAT|bidder_94255ae7934d
[23-04-2026 08:57:41] HEARTBEAT|bidder_4e246f12d06c
[23-04-2026 08:57:42] HEARTBEAT|message-processor
[23-04-2026 08:57:42] HEARTBEAT|bidder_70285923a81e
[23-04-2026 08:57:48] RESTART|auctioneer
[23-04-2026 08:57:48] HEARTBEAT|auctioneer
[23-04-2026 08:57:51] RESTART|bidding-processor
[23-04-2026 08:57:51] HEARTBEAT|bidding-processor
[23-04-2026 08:57:53] HEARTBEAT|auctioneer
[23-04-2026 08:57:54] RESTART|bidder_94255ae7934d
[23-04-2026 08:57:54] RESTART|bidder_4e246f12d06c
[23-04-2026 08:57:54] HEARTBEAT|bidder_94255ae7934d
[23-04-2026 08:57:55] RESTART|message-processor
[23-04-2026 08:57:55] HEARTBEAT|bidder_4e246f12d06c
[23-04-2026 08:57:55] RESTART|bidder_70285923a81e
[23-04-2026 08:57:55] HEARTBEAT|message-processor
[23-04-2026 08:57:55] HEARTBEAT|bidder_70285923a81e
[23-04-2026 08:57:56] HEARTBEAT|bidding-processor
[23-04-2026 08:57:58] HEARTBEAT|auctioneer
[23-04-2026 08:57:59] HEARTBEAT|bidder_94255ae7934d
[23-04-2026 08:58:00] HEARTBEAT|bidder_4e246f12d06c
[23-04-2026 08:58:00] HEARTBEAT|message-processor
[23-04-2026 08:58:00] HEARTBEAT|bidder_70285923a81e
[23-04-2026 08:58:01] HEARTBEAT|bidding-processor
[23-04-2026 08:58:03] HEARTBEAT|auctioneer
[23-04-2026 08:58:04] HEARTBEAT|bidder_94255ae7934d
[23-04-2026 08:58:05] HEARTBEAT|bidder_4e246f12d06c
[23-04-2026 08:58:05] HEARTBEAT|message-processor
[23-04-2026 08:58:05] HEARTBEAT|bidder_70285923a81e
[23-04-2026 08:58:06] HEARTBEAT|bidding-processor
[23-04-2026 08:58:08] HEARTBEAT|auctioneer
[23-04-2026 08:58:09] HEARTBEAT|bidder_94255ae7934d
[23-04-2026 08:58:10] HEARTBEAT|bidder_4e246f12d06c
[23-04-2026 08:58:10] HEARTBEAT|message-processor
[23-04-2026 08:58:10] HEARTBEAT|bidder_70285923a81e
[23-04-2026 08:58:19] RESTART|auctioneer
[23-04-2026 08:58:19] RESTART|bidding-processor
[23-04-2026 08:58:19] HEARTBEAT|auctioneer
[23-04-2026 08:58:20] HEARTBEAT|bidding-processor
[23-04-2026 08:58:23] RESTART|bidder_94255ae7934d
[23-04-2026 08:58:23] RESTART|bidder_4e246f12d06c
[23-04-2026 08:58:23] HEARTBEAT|bidder_94255ae7934d
[23-04-2026 08:58:23] RESTART|message-processor
[23-04-2026 08:58:23] HEARTBEAT|bidder_4e246f12d06c
[23-04-2026 08:58:23] RESTART|bidder_70285923a81e
[23-04-2026 08:58:23] HEARTBEAT|message-processor
[23-04-2026 08:58:23] HEARTBEAT|bidder_70285923a81e
[23-04-2026 08:58:24] HEARTBEAT|auctioneer
[23-04-2026 08:58:25] HEARTBEAT|bidding-processor
[23-04-2026 08:58:28] HEARTBEAT|bidder_94255ae7934d
[23-04-2026 08:58:28] HEARTBEAT|bidder_4e246f12d06c
[23-04-2026 08:58:28] HEARTBEAT|message-processor
[23-04-2026 08:58:28] HEARTBEAT|bidder_70285923a81e
[23-04-2026 08:58:29] HEARTBEAT|auctioneer
[23-04-2026 08:58:30] HEARTBEAT|bidding-processor
[23-04-2026 08:58:33] HEARTBEAT|bidder_94255ae7934d
[23-04-2026 08:58:33] HEARTBEAT|bidder_4e246f12d06c
[23-04-2026 08:58:33] HEARTBEAT|message-processor
[23-04-2026 08:58:33] HEARTBEAT|bidder_70285923a81e
[23-04-2026 08:58:34] HEARTBEAT|auctioneer
[23-04-2026 08:58:35] HEARTBEAT|bidding-processor
[23-04-2026 08:58:38] HEARTBEAT|bidder_94255ae7934d
[23-04-2026 08:58:38] HEARTBEAT|bidder_4e246f12d06c
[23-04-2026 08:58:38] HEARTBEAT|message-processor
[23-04-2026 08:58:38] HEARTBEAT|bidder_70285923a81e
[23-04-2026 08:58:47] RESTART|auctioneer
[23-04-2026 08:58:48] RESTART|bidding-processor
[23-04-2026 08:58:48] HEARTBEAT|auctioneer
[23-04-2026 08:58:48] HEARTBEAT|bidding-processor
[23-04-2026 08:58:51] RESTART|bidder_94255ae7934d
[23-04-2026 08:58:51] RESTART|bidder_4e246f12d06c
[23-04-2026 08:58:51] HEARTBEAT|bidder_94255ae7934d
[23-04-2026 08:58:51] RESTART|message-processor
[23-04-2026 08:58:51] HEARTBEAT|bidder_4e246f12d06c
[23-04-2026 08:58:51] RESTART|bidder_70285923a81e
[23-04-2026 08:58:52] HEARTBEAT|message-processor
[23-04-2026 08:58:52] HEARTBEAT|bidder_70285923a81e
[23-04-2026 08:58:53] HEARTBEAT|auctioneer
[23-04-2026 08:58:53] HEARTBEAT|bidding-processor
[23-04-2026 08:58:56] HEARTBEAT|bidder_94255ae7934d
[23-04-2026 08:58:56] HEARTBEAT|bidder_4e246f12d06c
[23-04-2026 08:58:57] HEARTBEAT|message-processor
[23-04-2026 08:58:57] HEARTBEAT|bidder_70285923a81e
[23-04-2026 08:58:58] HEARTBEAT|auctioneer
[23-04-2026 08:58:58] HEARTBEAT|bidding-processor
[23-04-2026 08:59:01] HEARTBEAT|bidder_94255ae7934d
[23-04-2026 08:59:01] HEARTBEAT|bidder_4e246f12d06c
[23-04-2026 08:59:02] HEARTBEAT|message-processor
[23-04-2026 08:59:02] HEARTBEAT|bidder_70285923a81e
[23-04-2026 08:59:03] HEARTBEAT|auctioneer
[23-04-2026 08:59:03] HEARTBEAT|bidding-processor
[23-04-2026 08:59:06] HEARTBEAT|bidder_94255ae7934d
[23-04-2026 08:59:06] HEARTBEAT|bidder_4e246f12d06c
[23-04-2026 08:59:07] HEARTBEAT|message-processor
[23-04-2026 08:59:07] HEARTBEAT|bidder_70285923a81e
[23-04-2026 08:59:13] RESTART|auctioneer
[23-04-2026 08:59:13] HEARTBEAT|auctioneer
[23-04-2026 08:59:16] RESTART|bidding-processor
[23-04-2026 08:59:16] HEARTBEAT|bidding-processor
[23-04-2026 08:59:18] HEARTBEAT|auctioneer
[23-04-2026 08:59:19] RESTART|bidder_94255ae7934d
[23-04-2026 08:59:19] RESTART|bidder_4e246f12d06c
[23-04-2026 08:59:20] HEARTBEAT|bidder_94255ae7934d
[23-04-2026 08:59:20] RESTART|message-processor
[23-04-2026 08:59:20] HEARTBEAT|bidder_4e246f12d06c
[23-04-2026 08:59:20] RESTART|bidder_70285923a81e
[23-04-2026 08:59:20] HEARTBEAT|message-processor
[23-04-2026 08:59:20] HEARTBEAT|bidder_70285923a81e
[23-04-2026 08:59:21] HEARTBEAT|bidding-processor
[23-04-2026 08:59:23] HEARTBEAT|auctioneer
[23-04-2026 08:59:25] HEARTBEAT|bidder_94255ae7934d
[23-04-2026 08:59:25] HEARTBEAT|bidder_4e246f12d06c
[23-04-2026 08:59:25] HEARTBEAT|message-processor
[23-04-2026 08:59:25] HEARTBEAT|bidder_70285923a81e
[23-04-2026 08:59:26] HEARTBEAT|bidding-processor
[23-04-2026 08:59:28] HEARTBEAT|auctioneer
[23-04-2026 08:59:30] HEARTBEAT|bidder_94255ae7934d
[23-04-2026 08:59:30] HEARTBEAT|bidder_4e246f12d06c
[23-04-2026 08:59:30] HEARTBEAT|message-processor
[23-04-2026 08:59:30] HEARTBEAT|bidder_70285923a81e
[23-04-2026 08:59:31] HEARTBEAT|bidding-processor
[23-04-2026 08:59:33] HEARTBEAT|auctioneer
[23-04-2026 08:59:35] HEARTBEAT|bidder_94255ae7934d
[23-04-2026 08:59:35] HEARTBEAT|bidder_4e246f12d06c
[23-04-2026 08:59:35] HEARTBEAT|message-processor
[23-04-2026 08:59:35] HEARTBEAT|bidder_70285923a81e
[23-04-2026 08:59:44] RESTART|auctioneer
[23-04-2026 08:59:44] RESTART|bidding-processor
[23-04-2026 08:59:44] HEARTBEAT|auctioneer
[23-04-2026 08:59:45] HEARTBEAT|bidding-processor
[23-04-2026 08:59:48] RESTART|bidder_94255ae7934d
[23-04-2026 08:59:48] RESTART|bidder_4e246f12d06c
[23-04-2026 08:59:48] HEARTBEAT|bidder_94255ae7934d
[23-04-2026 08:59:48] RESTART|message-processor
[23-04-2026 08:59:48] HEARTBEAT|bidder_4e246f12d06c
[23-04-2026 08:59:48] RESTART|bidder_70285923a81e
[23-04-2026 08:59:48] HEARTBEAT|message-processor
[23-04-2026 08:59:49] HEARTBEAT|bidder_70285923a81e
[23-04-2026 08:59:49] HEARTBEAT|auctioneer
[23-04-2026 08:59:50] HEARTBEAT|bidding-processor
[23-04-2026 08:59:53] HEARTBEAT|bidder_94255ae7934d
[23-04-2026 08:59:53] HEARTBEAT|bidder_4e246f12d06c
[23-04-2026 08:59:53] HEARTBEAT|message-processor
[23-04-2026 08:59:54] HEARTBEAT|bidder_70285923a81e
[23-04-2026 08:59:54] HEARTBEAT|auctioneer
[23-04-2026 08:59:55] HEARTBEAT|bidding-processor
[23-04-2026 08:59:58] HEARTBEAT|bidder_94255ae7934d
[23-04-2026 08:59:58] HEARTBEAT|bidder_4e246f12d06c
[23-04-2026 08:59:58] HEARTBEAT|message-processor
[23-04-2026 08:59:59] HEARTBEAT|bidder_70285923a81e
[23-04-2026 08:59:59] HEARTBEAT|auctioneer
[23-04-2026 09:00:00] HEARTBEAT|bidding-processor
[23-04-2026 09:00:03] HEARTBEAT|bidder_94255ae7934d
[23-04-2026 09:00:03] HEARTBEAT|bidder_4e246f12d06c
[23-04-2026 09:00:03] HEARTBEAT|message-processor
[23-04-2026 09:00:04] HEARTBEAT|bidder_70285923a81e
[23-04-2026 09:00:09] RESTART|auctioneer
[23-04-2026 09:00:10] HEARTBEAT|auctioneer
[23-04-2026 09:00:13] RESTART|bidding-processor
[23-04-2026 09:00:13] HEARTBEAT|bidding-processor
[23-04-2026 09:00:15] HEARTBEAT|auctioneer
[23-04-2026 09:00:16] RESTART|bidder_94255ae7934d
[23-04-2026 09:00:16] RESTART|bidder_4e246f12d06c
[23-04-2026 09:00:16] HEARTBEAT|bidder_94255ae7934d
[23-04-2026 09:00:16] RESTART|message-processor
[23-04-2026 09:00:16] HEARTBEAT|bidder_4e246f12d06c
[23-04-2026 09:00:17] RESTART|bidder_70285923a81e
[23-04-2026 09:00:17] HEARTBEAT|message-processor
[23-04-2026 09:00:17] HEARTBEAT|bidder_70285923a81e
[23-04-2026 09:00:18] HEARTBEAT|bidding-processor
[23-04-2026 09:00:20] HEARTBEAT|auctioneer
[23-04-2026 09:00:21] HEARTBEAT|bidder_94255ae7934d
[23-04-2026 09:00:21] HEARTBEAT|bidder_4e246f12d06c
[23-04-2026 09:00:22] HEARTBEAT|message-processor
[23-04-2026 09:00:22] HEARTBEAT|bidder_70285923a81e
[23-04-2026 09:00:23] HEARTBEAT|bidding-processor
[23-04-2026 09:00:25] HEARTBEAT|auctioneer
[23-04-2026 09:00:26] HEARTBEAT|bidder_94255ae7934d
[23-04-2026 09:00:26] HEARTBEAT|bidder_4e246f12d06c
[23-04-2026 09:00:27] HEARTBEAT|message-processor
[23-04-2026 09:00:27] HEARTBEAT|bidder_70285923a81e
[23-04-2026 09:00:28] HEARTBEAT|bidding-processor
[23-04-2026 09:00:30] HEARTBEAT|auctioneer
[23-04-2026 09:00:31] HEARTBEAT|bidder_94255ae7934d
[23-04-2026 09:00:31] HEARTBEAT|bidder_4e246f12d06c
[23-04-2026 09:00:32] HEARTBEAT|message-processor
[23-04-2026 09:00:32] HEARTBEAT|bidder_70285923a81e
[23-04-2026 09:00:41] RESTART|auctioneer
[23-04-2026 09:00:41] RESTART|bidding-processor
[23-04-2026 09:00:41] HEARTBEAT|auctioneer
[23-04-2026 09:00:41] HEARTBEAT|bidding-processor
[23-04-2026 09:00:44] RESTART|bidder_94255ae7934d
[23-04-2026 09:00:45] RESTART|bidder_4e246f12d06c
[23-04-2026 09:00:45] HEARTBEAT|bidder_94255ae7934d
[23-04-2026 09:00:45] RESTART|message-processor
[23-04-2026 09:00:45] HEARTBEAT|bidder_4e246f12d06c
[23-04-2026 09:00:45] RESTART|bidder_70285923a81e
[23-04-2026 09:00:45] HEARTBEAT|message-processor
[23-04-2026 09:00:45] HEARTBEAT|bidder_70285923a81e
[23-04-2026 09:00:46] HEARTBEAT|auctioneer
[23-04-2026 09:00:46] HEARTBEAT|bidding-processor
[23-04-2026 09:00:50] HEARTBEAT|bidder_94255ae7934d
[23-04-2026 09:00:50] HEARTBEAT|bidder_4e246f12d06c
[23-04-2026 09:00:50] HEARTBEAT|message-processor
[23-04-2026 09:00:50] HEARTBEAT|bidder_70285923a81e
[23-04-2026 09:00:51] HEARTBEAT|auctioneer
[23-04-2026 09:00:51] HEARTBEAT|bidding-processor
[23-04-2026 09:00:55] HEARTBEAT|bidder_94255ae7934d
[23-04-2026 09:00:55] HEARTBEAT|bidder_4e246f12d06c
[23-04-2026 09:00:55] HEARTBEAT|message-processor
[23-04-2026 09:00:55] HEARTBEAT|bidder_70285923a81e
[23-04-2026 09:00:56] HEARTBEAT|auctioneer
[23-04-2026 09:00:56] HEARTBEAT|bidding-processor
[23-04-2026 09:01:00] HEARTBEAT|bidder_94255ae7934d
[23-04-2026 09:01:00] HEARTBEAT|bidder_4e246f12d06c
[23-04-2026 09:01:00] HEARTBEAT|message-processor
[23-04-2026 09:01:00] HEARTBEAT|bidder_70285923a81e
[23-04-2026 09:01:09] RESTART|auctioneer
[23-04-2026 09:01:09] RESTART|bidding-processor
[23-04-2026 09:01:10] HEARTBEAT|auctioneer
[23-04-2026 09:01:10] HEARTBEAT|bidding-processor
[23-04-2026 09:01:13] RESTART|bidder_94255ae7934d
[23-04-2026 09:01:13] RESTART|bidder_4e246f12d06c
[23-04-2026 09:01:13] HEARTBEAT|bidder_94255ae7934d
[23-04-2026 09:01:13] RESTART|message-processor
[23-04-2026 09:01:13] HEARTBEAT|bidder_4e246f12d06c
[23-04-2026 09:01:13] RESTART|bidder_70285923a81e
[23-04-2026 09:01:13] HEARTBEAT|message-processor
[23-04-2026 09:01:14] HEARTBEAT|bidder_70285923a81e
[23-04-2026 09:01:15] HEARTBEAT|auctioneer
[23-04-2026 09:01:15] HEARTBEAT|bidding-processor
[23-04-2026 09:01:18] HEARTBEAT|bidder_94255ae7934d
[23-04-2026 09:01:18] HEARTBEAT|bidder_4e246f12d06c
[23-04-2026 09:01:18] HEARTBEAT|message-processor
[23-04-2026 09:01:19] HEARTBEAT|bidder_70285923a81e
[23-04-2026 09:01:20] HEARTBEAT|auctioneer
[23-04-2026 09:01:20] HEARTBEAT|bidding-processor
[23-04-2026 09:01:23] HEARTBEAT|bidder_94255ae7934d
[23-04-2026 09:01:23] HEARTBEAT|bidder_4e246f12d06c
[23-04-2026 09:01:23] HEARTBEAT|message-processor
[23-04-2026 09:01:24] HEARTBEAT|bidder_70285923a81e
[23-04-2026 09:01:25] HEARTBEAT|auctioneer
[23-04-2026 09:01:25] HEARTBEAT|bidding-processor
[23-04-2026 09:01:28] HEARTBEAT|bidder_94255ae7934d
[23-04-2026 09:01:28] HEARTBEAT|bidder_4e246f12d06c
[23-04-2026 09:01:28] HEARTBEAT|message-processor
[23-04-2026 09:01:29] HEARTBEAT|bidder_70285923a81e
[23-04-2026 09:01:37] RESTART|auctioneer
[23-04-2026 09:01:38] RESTART|bidding-processor
[23-04-2026 09:01:38] HEARTBEAT|auctioneer
[23-04-2026 09:01:38] HEARTBEAT|bidding-processor
[23-04-2026 09:01:41] RESTART|bidder_94255ae7934d
[23-04-2026 09:01:41] RESTART|bidder_4e246f12d06c
[23-04-2026 09:01:41] HEARTBEAT|bidder_94255ae7934d
[23-04-2026 09:01:41] RESTART|message-processor
[23-04-2026 09:01:42] HEARTBEAT|bidder_4e246f12d06c
[23-04-2026 09:01:42] RESTART|bidder_70285923a81e
[23-04-2026 09:01:42] HEARTBEAT|message-processor
[23-04-2026 09:01:42] HEARTBEAT|bidder_70285923a81e
[23-04-2026 09:01:43] HEARTBEAT|auctioneer
[23-04-2026 09:01:43] HEARTBEAT|bidding-processor
[23-04-2026 09:01:46] HEARTBEAT|bidder_94255ae7934d
[23-04-2026 09:01:47] HEARTBEAT|bidder_4e246f12d06c
[23-04-2026 09:01:47] HEARTBEAT|message-processor
[23-04-2026 09:01:47] HEARTBEAT|bidder_70285923a81e
[23-04-2026 09:01:48] HEARTBEAT|auctioneer
[23-04-2026 09:01:48] HEARTBEAT|bidding-processor
[23-04-2026 09:01:51] HEARTBEAT|bidder_94255ae7934d
[23-04-2026 09:01:52] HEARTBEAT|bidder_4e246f12d06c
[23-04-2026 09:01:52] HEARTBEAT|message-processor
[23-04-2026 09:01:52] HEARTBEAT|bidder_70285923a81e
[23-04-2026 09:01:53] HEARTBEAT|auctioneer
[23-04-2026 09:01:53] HEARTBEAT|bidding-processor
[23-04-2026 09:01:56] HEARTBEAT|bidder_94255ae7934d
[23-04-2026 09:01:57] HEARTBEAT|bidder_4e246f12d06c
[23-04-2026 09:01:57] HEARTBEAT|message-processor
[23-04-2026 09:01:57] HEARTBEAT|bidder_70285923a81e
[23-04-2026 09:02:03] RESTART|auctioneer
[23-04-2026 09:02:03] HEARTBEAT|auctioneer
[23-04-2026 09:02:06] RESTART|bidding-processor
[23-04-2026 09:02:06] HEARTBEAT|bidding-processor
[23-04-2026 09:02:08] HEARTBEAT|auctioneer
[23-04-2026 09:02:09] RESTART|bidder_94255ae7934d
[23-04-2026 09:02:10] RESTART|bidder_4e246f12d06c
[23-04-2026 09:02:10] HEARTBEAT|bidder_94255ae7934d
[23-04-2026 09:02:10] RESTART|message-processor
[23-04-2026 09:02:10] HEARTBEAT|bidder_4e246f12d06c
[23-04-2026 09:02:10] RESTART|bidder_70285923a81e
[23-04-2026 09:02:10] HEARTBEAT|message-processor
[23-04-2026 09:02:10] HEARTBEAT|bidder_70285923a81e
[23-04-2026 09:02:11] HEARTBEAT|bidding-processor
[23-04-2026 09:02:13] HEARTBEAT|auctioneer
[23-04-2026 09:02:15] HEARTBEAT|bidder_94255ae7934d
[23-04-2026 09:02:15] HEARTBEAT|bidder_4e246f12d06c
[23-04-2026 09:02:15] HEARTBEAT|message-processor
[23-04-2026 09:02:15] HEARTBEAT|bidder_70285923a81e
[23-04-2026 09:02:16] HEARTBEAT|bidding-processor
[23-04-2026 09:02:18] HEARTBEAT|auctioneer
[23-04-2026 09:02:20] HEARTBEAT|bidder_94255ae7934d
[23-04-2026 09:02:20] HEARTBEAT|bidder_4e246f12d06c
[23-04-2026 09:02:20] HEARTBEAT|message-processor
[23-04-2026 09:02:20] HEARTBEAT|bidder_70285923a81e
[23-04-2026 09:02:21] HEARTBEAT|bidding-processor
[23-04-2026 09:02:23] HEARTBEAT|auctioneer
[23-04-2026 09:02:25] HEARTBEAT|bidder_94255ae7934d
[23-04-2026 09:02:25] HEARTBEAT|bidder_4e246f12d06c
[23-04-2026 09:02:25] HEARTBEAT|message-processor
[23-04-2026 09:02:25] HEARTBEAT|bidder_70285923a81e
[23-04-2026 09:02:34] RESTART|auctioneer
[23-04-2026 09:02:35] RESTART|bidding-processor
[23-04-2026 09:02:35] HEARTBEAT|auctioneer
[23-04-2026 09:02:35] HEARTBEAT|bidding-processor
[23-04-2026 09:02:38] RESTART|bidder_94255ae7934d
[23-04-2026 09:02:38] RESTART|bidder_4e246f12d06c
[23-04-2026 09:02:38] HEARTBEAT|bidder_94255ae7934d
[23-04-2026 09:02:38] RESTART|message-processor
[23-04-2026 09:02:38] HEARTBEAT|bidder_4e246f12d06c
[23-04-2026 09:02:38] RESTART|bidder_70285923a81e
[23-04-2026 09:02:38] HEARTBEAT|message-processor
[23-04-2026 09:02:39] HEARTBEAT|bidder_70285923a81e
[23-04-2026 09:02:40] HEARTBEAT|auctioneer
[23-04-2026 09:02:40] HEARTBEAT|bidding-processor
[23-04-2026 09:02:43] HEARTBEAT|bidder_94255ae7934d
[23-04-2026 09:02:43] HEARTBEAT|bidder_4e246f12d06c
[23-04-2026 09:02:44] HEARTBEAT|message-processor
[23-04-2026 09:02:44] HEARTBEAT|bidder_70285923a81e
[23-04-2026 09:02:45] HEARTBEAT|auctioneer
[23-04-2026 09:02:45] HEARTBEAT|bidding-processor
[23-04-2026 09:02:48] HEARTBEAT|bidder_94255ae7934d
[23-04-2026 09:02:48] HEARTBEAT|bidder_4e246f12d06c
[23-04-2026 09:02:49] HEARTBEAT|message-processor
[23-04-2026 09:02:49] HEARTBEAT|bidder_70285923a81e
[23-04-2026 09:02:50] HEARTBEAT|auctioneer
[23-04-2026 09:02:50] HEARTBEAT|bidding-processor
[23-04-2026 09:02:53] HEARTBEAT|bidder_94255ae7934d
[23-04-2026 09:02:53] HEARTBEAT|bidder_4e246f12d06c
[23-04-2026 09:02:54] HEARTBEAT|message-processor
[23-04-2026 09:02:54] HEARTBEAT|bidder_70285923a81e
[23-04-2026 09:03:03] RESTART|auctioneer
[23-04-2026 09:03:03] RESTART|bidding-processor
[23-04-2026 09:03:03] HEARTBEAT|auctioneer
[23-04-2026 09:03:03] HEARTBEAT|bidding-processor
[23-04-2026 09:03:06] RESTART|bidder_94255ae7934d
[23-04-2026 09:03:06] RESTART|bidder_4e246f12d06c
[23-04-2026 09:03:06] HEARTBEAT|bidder_94255ae7934d
[23-04-2026 09:03:07] RESTART|message-processor
[23-04-2026 09:03:07] HEARTBEAT|bidder_4e246f12d06c
[23-04-2026 09:03:07] RESTART|bidder_70285923a81e
[23-04-2026 09:03:07] HEARTBEAT|message-processor
[23-04-2026 09:03:07] HEARTBEAT|bidder_70285923a81e
[23-04-2026 09:03:08] HEARTBEAT|auctioneer
[23-04-2026 09:03:08] HEARTBEAT|bidding-processor
[23-04-2026 09:03:11] HEARTBEAT|bidder_94255ae7934d
[23-04-2026 09:03:12] HEARTBEAT|bidder_4e246f12d06c
[23-04-2026 09:03:12] HEARTBEAT|message-processor
[23-04-2026 09:03:12] HEARTBEAT|bidder_70285923a81e
[23-04-2026 09:03:13] HEARTBEAT|auctioneer
[23-04-2026 09:03:13] HEARTBEAT|bidding-processor
[23-04-2026 09:03:16] HEARTBEAT|bidder_94255ae7934d
[23-04-2026 09:03:17] HEARTBEAT|bidder_4e246f12d06c
[23-04-2026 09:03:17] HEARTBEAT|message-processor
[23-04-2026 09:03:17] HEARTBEAT|bidder_70285923a81e
[23-04-2026 09:03:18] HEARTBEAT|auctioneer
[23-04-2026 09:03:18] HEARTBEAT|bidding-processor
[23-04-2026 09:03:21] HEARTBEAT|bidder_94255ae7934d
[23-04-2026 09:03:22] HEARTBEAT|bidder_4e246f12d06c
[23-04-2026 09:03:22] HEARTBEAT|message-processor
[23-04-2026 09:03:22] HEARTBEAT|bidder_70285923a81e
[23-04-2026 09:03:28] RESTART|auctioneer
[23-04-2026 09:03:28] HEARTBEAT|auctioneer
[23-04-2026 09:03:31] RESTART|bidding-processor
[23-04-2026 09:03:32] HEARTBEAT|bidding-processor
[23-04-2026 09:03:33] HEARTBEAT|auctioneer
[23-04-2026 09:03:35] RESTART|bidder_94255ae7934d
[23-04-2026 09:03:35] RESTART|bidder_4e246f12d06c
[23-04-2026 09:03:35] HEARTBEAT|bidder_94255ae7934d
[23-04-2026 09:03:35] RESTART|message-processor
[23-04-2026 09:03:35] HEARTBEAT|bidder_4e246f12d06c
[23-04-2026 09:03:35] RESTART|bidder_70285923a81e
[23-04-2026 09:03:35] HEARTBEAT|message-processor
[23-04-2026 09:03:35] HEARTBEAT|bidder_70285923a81e
[23-04-2026 09:03:37] HEARTBEAT|bidding-processor
[23-04-2026 09:03:38] HEARTBEAT|auctioneer
[23-04-2026 09:03:40] HEARTBEAT|bidder_94255ae7934d
[23-04-2026 09:03:40] HEARTBEAT|bidder_4e246f12d06c
[23-04-2026 09:03:40] HEARTBEAT|message-processor
[23-04-2026 09:03:40] HEARTBEAT|bidder_70285923a81e
[23-04-2026 09:03:42] HEARTBEAT|bidding-processor
[23-04-2026 09:03:43] HEARTBEAT|auctioneer
[23-04-2026 09:03:45] HEARTBEAT|bidder_94255ae7934d
[23-04-2026 09:03:45] HEARTBEAT|bidder_4e246f12d06c
[23-04-2026 09:03:45] HEARTBEAT|message-processor
[23-04-2026 09:03:46] HEARTBEAT|bidder_70285923a81e
[23-04-2026 09:03:47] HEARTBEAT|bidding-processor
[23-04-2026 09:03:48] HEARTBEAT|auctioneer
[23-04-2026 09:03:50] HEARTBEAT|bidder_94255ae7934d
[23-04-2026 09:03:50] HEARTBEAT|bidder_4e246f12d06c
[23-04-2026 09:03:50] HEARTBEAT|message-processor
[23-04-2026 09:03:51] HEARTBEAT|bidder_70285923a81e
[23-04-2026 09:03:59] RESTART|auctioneer
[23-04-2026 09:04:00] RESTART|bidding-processor
[23-04-2026 09:04:00] HEARTBEAT|auctioneer
[23-04-2026 09:04:00] HEARTBEAT|bidding-processor
[23-04-2026 09:04:03] RESTART|bidder_94255ae7934d
[23-04-2026 09:04:03] RESTART|bidder_4e246f12d06c
[23-04-2026 09:04:03] HEARTBEAT|bidder_94255ae7934d
[23-04-2026 09:04:03] RESTART|message-processor
[23-04-2026 09:04:03] HEARTBEAT|bidder_4e246f12d06c
[23-04-2026 09:04:03] RESTART|bidder_70285923a81e
[23-04-2026 09:04:04] HEARTBEAT|message-processor
[23-04-2026 09:04:04] HEARTBEAT|bidder_70285923a81e
[23-04-2026 09:04:05] HEARTBEAT|auctioneer
[23-04-2026 09:04:05] HEARTBEAT|bidding-processor
[23-04-2026 09:04:08] HEARTBEAT|bidder_94255ae7934d
[23-04-2026 09:04:08] HEARTBEAT|bidder_4e246f12d06c
[23-04-2026 09:04:09] HEARTBEAT|message-processor
[23-04-2026 09:04:09] HEARTBEAT|bidder_70285923a81e
[23-04-2026 09:04:10] HEARTBEAT|auctioneer
[23-04-2026 09:04:10] HEARTBEAT|bidding-processor
[23-04-2026 09:04:13] HEARTBEAT|bidder_94255ae7934d
[23-04-2026 09:04:13] HEARTBEAT|bidder_4e246f12d06c
[23-04-2026 09:04:14] HEARTBEAT|message-processor
[23-04-2026 09:04:14] HEARTBEAT|bidder_70285923a81e
[23-04-2026 09:04:15] HEARTBEAT|auctioneer
[23-04-2026 09:04:15] HEARTBEAT|bidding-processor
[23-04-2026 09:04:18] HEARTBEAT|bidder_94255ae7934d
[23-04-2026 09:04:18] HEARTBEAT|bidder_4e246f12d06c
[23-04-2026 09:04:19] HEARTBEAT|message-processor
[23-04-2026 09:04:19] HEARTBEAT|bidder_70285923a81e
[23-04-2026 09:04:28] RESTART|auctioneer
[23-04-2026 09:04:28] RESTART|bidding-processor
[23-04-2026 09:04:28] HEARTBEAT|auctioneer
[23-04-2026 09:04:28] HEARTBEAT|bidding-processor
[23-04-2026 09:04:31] RESTART|bidder_94255ae7934d
[23-04-2026 09:04:31] RESTART|bidder_4e246f12d06c
[23-04-2026 09:04:31] HEARTBEAT|bidder_94255ae7934d
[23-04-2026 09:04:32] RESTART|message-processor
[23-04-2026 09:04:32] HEARTBEAT|bidder_4e246f12d06c
[23-04-2026 09:04:32] RESTART|bidder_70285923a81e
[23-04-2026 09:04:32] HEARTBEAT|message-processor
[23-04-2026 09:04:32] HEARTBEAT|bidder_70285923a81e
[23-04-2026 09:04:33] HEARTBEAT|auctioneer
[23-04-2026 09:04:33] HEARTBEAT|bidding-processor
[23-04-2026 09:04:36] HEARTBEAT|bidder_94255ae7934d
[23-04-2026 09:04:37] HEARTBEAT|bidder_4e246f12d06c
[23-04-2026 09:04:37] HEARTBEAT|message-processor
[23-04-2026 09:04:37] HEARTBEAT|bidder_70285923a81e
[23-04-2026 09:04:38] HEARTBEAT|auctioneer
[23-04-2026 09:04:38] HEARTBEAT|bidding-processor
[23-04-2026 09:04:41] HEARTBEAT|bidder_94255ae7934d
[23-04-2026 09:04:42] HEARTBEAT|bidder_4e246f12d06c
[23-04-2026 09:04:42] HEARTBEAT|message-processor
[23-04-2026 09:04:42] HEARTBEAT|bidder_70285923a81e
[23-04-2026 09:04:43] HEARTBEAT|auctioneer
[23-04-2026 09:04:43] HEARTBEAT|bidding-processor
[23-04-2026 09:04:46] HEARTBEAT|bidder_94255ae7934d
[23-04-2026 09:04:47] HEARTBEAT|bidder_4e246f12d06c
[23-04-2026 09:04:47] HEARTBEAT|message-processor
[23-04-2026 09:04:47] HEARTBEAT|bidder_70285923a81e
[23-04-2026 09:04:53] RESTART|auctioneer
[23-04-2026 09:04:53] HEARTBEAT|auctioneer
[23-04-2026 09:04:56] RESTART|bidding-processor
[23-04-2026 09:04:57] HEARTBEAT|bidding-processor
[23-04-2026 09:04:58] HEARTBEAT|auctioneer
[23-04-2026 09:05:00] RESTART|bidder_94255ae7934d
[23-04-2026 09:05:00] RESTART|bidder_4e246f12d06c
[23-04-2026 09:05:00] HEARTBEAT|bidder_94255ae7934d
[23-04-2026 09:05:00] RESTART|message-processor
[23-04-2026 09:05:00] HEARTBEAT|bidder_4e246f12d06c
[23-04-2026 09:05:00] RESTART|bidder_70285923a81e
[23-04-2026 09:05:00] HEARTBEAT|message-processor
[23-04-2026 09:05:00] HEARTBEAT|bidder_70285923a81e
[23-04-2026 09:05:02] HEARTBEAT|bidding-processor
[23-04-2026 09:05:03] HEARTBEAT|auctioneer
[23-04-2026 09:05:05] HEARTBEAT|bidder_94255ae7934d
[23-04-2026 09:05:05] HEARTBEAT|bidder_4e246f12d06c
[23-04-2026 09:05:05] HEARTBEAT|message-processor
[23-04-2026 09:05:05] HEARTBEAT|bidder_70285923a81e
[23-04-2026 09:05:07] HEARTBEAT|bidding-processor
[23-04-2026 09:05:08] HEARTBEAT|auctioneer
[23-04-2026 09:05:10] HEARTBEAT|bidder_94255ae7934d
[23-04-2026 09:05:10] HEARTBEAT|bidder_4e246f12d06c
[23-04-2026 09:05:10] HEARTBEAT|message-processor
[23-04-2026 09:05:10] HEARTBEAT|bidder_70285923a81e
[23-04-2026 09:05:12] HEARTBEAT|bidding-processor
[23-04-2026 09:05:13] HEARTBEAT|auctioneer
[23-04-2026 09:05:15] HEARTBEAT|bidder_94255ae7934d
[23-04-2026 09:05:15] HEARTBEAT|bidder_4e246f12d06c
[23-04-2026 09:05:15] HEARTBEAT|message-processor
[23-04-2026 09:05:15] HEARTBEAT|bidder_70285923a81e
[23-04-2026 09:05:24] RESTART|auctioneer
[23-04-2026 09:05:25] RESTART|bidding-processor
[23-04-2026 09:05:25] HEARTBEAT|auctioneer
[23-04-2026 09:05:25] HEARTBEAT|bidding-processor
[23-04-2026 09:05:28] RESTART|bidder_94255ae7934d
[23-04-2026 09:05:28] RESTART|bidder_4e246f12d06c
[23-04-2026 09:05:28] HEARTBEAT|bidder_94255ae7934d
[23-04-2026 09:05:28] RESTART|message-processor
[23-04-2026 09:05:28] HEARTBEAT|bidder_4e246f12d06c
[23-04-2026 09:05:29] RESTART|bidder_70285923a81e
[23-04-2026 09:05:29] HEARTBEAT|message-processor
[23-04-2026 09:05:29] HEARTBEAT|bidder_70285923a81e
[23-04-2026 09:05:30] HEARTBEAT|auctioneer
[23-04-2026 09:05:30] HEARTBEAT|bidding-processor
[23-04-2026 09:05:33] HEARTBEAT|bidder_94255ae7934d
[23-04-2026 09:05:33] HEARTBEAT|bidder_4e246f12d06c
[23-04-2026 09:05:34] HEARTBEAT|message-processor
[23-04-2026 09:05:34] HEARTBEAT|bidder_70285923a81e
[23-04-2026 09:05:35] HEARTBEAT|auctioneer
[23-04-2026 09:05:35] HEARTBEAT|bidding-processor
[23-04-2026 09:05:38] HEARTBEAT|bidder_94255ae7934d
[23-04-2026 09:05:38] HEARTBEAT|bidder_4e246f12d06c
[23-04-2026 09:05:39] HEARTBEAT|message-processor
[23-04-2026 09:05:39] HEARTBEAT|bidder_70285923a81e
[23-04-2026 09:05:40] HEARTBEAT|auctioneer
[23-04-2026 09:05:40] HEARTBEAT|bidding-processor
[23-04-2026 09:05:43] HEARTBEAT|bidder_94255ae7934d
[23-04-2026 09:05:43] HEARTBEAT|bidder_4e246f12d06c
[23-04-2026 09:05:44] HEARTBEAT|message-processor
[23-04-2026 09:05:44] HEARTBEAT|bidder_70285923a81e
[23-04-2026 09:05:50] RESTART|auctioneer
[23-04-2026 09:05:50] HEARTBEAT|auctioneer
[23-04-2026 09:05:53] RESTART|bidding-processor
[23-04-2026 09:05:53] HEARTBEAT|bidding-processor
[23-04-2026 09:05:55] HEARTBEAT|auctioneer
[23-04-2026 09:05:56] RESTART|bidder_94255ae7934d
[23-04-2026 09:05:56] RESTART|bidder_4e246f12d06c
[23-04-2026 09:05:57] HEARTBEAT|bidder_94255ae7934d
[23-04-2026 09:05:57] RESTART|message-processor
[23-04-2026 09:05:57] HEARTBEAT|bidder_4e246f12d06c
[23-04-2026 09:05:57] RESTART|bidder_70285923a81e
[23-04-2026 09:05:57] HEARTBEAT|message-processor
[23-04-2026 09:05:57] HEARTBEAT|bidder_70285923a81e
[23-04-2026 09:05:58] HEARTBEAT|bidding-processor
[23-04-2026 09:06:00] HEARTBEAT|auctioneer
[23-04-2026 09:06:02] HEARTBEAT|bidder_94255ae7934d
[23-04-2026 09:06:02] HEARTBEAT|bidder_4e246f12d06c
[23-04-2026 09:06:02] HEARTBEAT|message-processor
[23-04-2026 09:06:02] HEARTBEAT|bidder_70285923a81e
[23-04-2026 09:06:03] HEARTBEAT|bidding-processor
[23-04-2026 09:06:05] HEARTBEAT|auctioneer
[23-04-2026 09:06:07] HEARTBEAT|bidder_94255ae7934d
[23-04-2026 09:06:07] HEARTBEAT|bidder_4e246f12d06c
[23-04-2026 09:06:07] HEARTBEAT|message-processor
[23-04-2026 09:06:07] HEARTBEAT|bidder_70285923a81e
[23-04-2026 09:06:08] HEARTBEAT|bidding-processor
[23-04-2026 09:06:10] HEARTBEAT|auctioneer
[23-04-2026 09:06:12] HEARTBEAT|bidder_94255ae7934d
[23-04-2026 09:06:12] HEARTBEAT|bidder_4e246f12d06c
[23-04-2026 09:06:12] HEARTBEAT|message-processor
[23-04-2026 09:06:12] HEARTBEAT|bidder_70285923a81e
[23-04-2026 09:06:21] RESTART|auctioneer
[23-04-2026 09:06:21] RESTART|bidding-processor
[23-04-2026 09:06:21] HEARTBEAT|auctioneer
[23-04-2026 09:06:22] HEARTBEAT|bidding-processor
[23-04-2026 09:06:25] RESTART|bidder_94255ae7934d
[23-04-2026 09:06:25] RESTART|bidder_4e246f12d06c
[23-04-2026 09:06:25] HEARTBEAT|bidder_94255ae7934d
[23-04-2026 09:06:25] RESTART|message-processor
[23-04-2026 09:06:25] HEARTBEAT|bidder_4e246f12d06c
[23-04-2026 09:06:25] RESTART|bidder_70285923a81e
[23-04-2026 09:06:25] HEARTBEAT|message-processor
[23-04-2026 09:06:26] HEARTBEAT|bidder_70285923a81e
[23-04-2026 09:06:26] HEARTBEAT|auctioneer
[23-04-2026 09:06:27] HEARTBEAT|bidding-processor
[23-04-2026 09:06:30] HEARTBEAT|bidder_94255ae7934d
[23-04-2026 09:06:30] HEARTBEAT|bidder_4e246f12d06c
[23-04-2026 09:06:30] HEARTBEAT|message-processor
[23-04-2026 09:06:31] HEARTBEAT|bidder_70285923a81e
[23-04-2026 09:06:31] HEARTBEAT|auctioneer
[23-04-2026 09:06:32] HEARTBEAT|bidding-processor
[23-04-2026 09:06:35] HEARTBEAT|bidder_94255ae7934d
[23-04-2026 09:06:35] HEARTBEAT|bidder_4e246f12d06c
[23-04-2026 09:06:35] HEARTBEAT|message-processor
[23-04-2026 09:06:36] HEARTBEAT|bidder_70285923a81e
[23-04-2026 09:06:36] HEARTBEAT|auctioneer
[23-04-2026 09:06:37] HEARTBEAT|bidding-processor
[23-04-2026 09:06:40] HEARTBEAT|bidder_94255ae7934d
[23-04-2026 09:06:40] HEARTBEAT|bidder_4e246f12d06c
[23-04-2026 09:06:40] HEARTBEAT|message-processor
[23-04-2026 09:06:41] HEARTBEAT|bidder_70285923a81e
[23-04-2026 09:06:47] RESTART|auctioneer
[23-04-2026 09:06:47] HEARTBEAT|auctioneer
[23-04-2026 09:06:50] RESTART|bidding-processor
[23-04-2026 09:06:50] HEARTBEAT|bidding-processor
[23-04-2026 09:06:52] HEARTBEAT|auctioneer
[23-04-2026 09:06:53] RESTART|bidder_94255ae7934d
[23-04-2026 09:06:53] RESTART|bidder_4e246f12d06c
[23-04-2026 09:06:53] HEARTBEAT|bidder_94255ae7934d
[23-04-2026 09:06:53] RESTART|message-processor
[23-04-2026 09:06:53] HEARTBEAT|bidder_4e246f12d06c
[23-04-2026 09:06:54] RESTART|bidder_70285923a81e
[23-04-2026 09:06:54] HEARTBEAT|message-processor
[23-04-2026 09:06:54] HEARTBEAT|bidder_70285923a81e
[23-04-2026 09:06:55] HEARTBEAT|bidding-processor
[23-04-2026 09:06:57] HEARTBEAT|auctioneer
[23-04-2026 09:06:58] HEARTBEAT|bidder_94255ae7934d
[23-04-2026 09:06:58] HEARTBEAT|bidder_4e246f12d06c
[23-04-2026 09:06:59] HEARTBEAT|message-processor
[23-04-2026 09:06:59] HEARTBEAT|bidder_70285923a81e
[23-04-2026 09:07:00] HEARTBEAT|bidding-processor
[23-04-2026 09:07:02] HEARTBEAT|auctioneer
[23-04-2026 09:07:03] HEARTBEAT|bidder_94255ae7934d
[23-04-2026 09:07:03] HEARTBEAT|bidder_4e246f12d06c
[23-04-2026 09:07:04] HEARTBEAT|message-processor
[23-04-2026 09:07:04] HEARTBEAT|bidder_70285923a81e
[23-04-2026 09:07:05] HEARTBEAT|bidding-processor
[23-04-2026 09:07:07] HEARTBEAT|auctioneer
[23-04-2026 09:07:08] HEARTBEAT|bidder_94255ae7934d
[23-04-2026 09:07:08] HEARTBEAT|bidder_4e246f12d06c
[23-04-2026 09:07:09] HEARTBEAT|message-processor
[23-04-2026 09:07:09] HEARTBEAT|bidder_70285923a81e
[23-04-2026 09:07:18] RESTART|auctioneer
[23-04-2026 09:07:18] RESTART|bidding-processor
[23-04-2026 09:07:18] HEARTBEAT|auctioneer
[23-04-2026 09:07:18] HEARTBEAT|bidding-processor
[23-04-2026 09:07:21] RESTART|bidder_94255ae7934d
[23-04-2026 09:07:22] RESTART|bidder_4e246f12d06c
[23-04-2026 09:07:22] HEARTBEAT|bidder_94255ae7934d
[23-04-2026 09:07:22] RESTART|message-processor
[23-04-2026 09:07:22] HEARTBEAT|bidder_4e246f12d06c
[23-04-2026 09:07:22] RESTART|bidder_70285923a81e
[23-04-2026 09:07:22] HEARTBEAT|message-processor
[23-04-2026 09:07:22] HEARTBEAT|bidder_70285923a81e
[23-04-2026 09:07:23] HEARTBEAT|auctioneer
[23-04-2026 09:07:23] HEARTBEAT|bidding-processor
[23-04-2026 09:07:27] HEARTBEAT|bidder_94255ae7934d
[23-04-2026 09:07:27] HEARTBEAT|bidder_4e246f12d06c
[23-04-2026 09:07:27] HEARTBEAT|message-processor
[23-04-2026 09:07:27] HEARTBEAT|bidder_70285923a81e
[23-04-2026 09:07:28] HEARTBEAT|auctioneer
[23-04-2026 09:07:28] HEARTBEAT|bidding-processor
[23-04-2026 09:07:32] HEARTBEAT|bidder_94255ae7934d
[23-04-2026 09:07:32] HEARTBEAT|bidder_4e246f12d06c
[23-04-2026 09:07:32] HEARTBEAT|message-processor
[23-04-2026 09:07:32] HEARTBEAT|bidder_70285923a81e
[23-04-2026 09:07:33] HEARTBEAT|auctioneer
[23-04-2026 09:07:33] HEARTBEAT|bidding-processor
[23-04-2026 09:07:37] HEARTBEAT|bidder_94255ae7934d
[23-04-2026 09:07:37] HEARTBEAT|bidder_4e246f12d06c
[23-04-2026 09:07:37] HEARTBEAT|message-processor
[23-04-2026 09:07:37] HEARTBEAT|bidder_70285923a81e
[23-04-2026 09:07:43] RESTART|auctioneer
[23-04-2026 09:07:44] HEARTBEAT|auctioneer
[23-04-2026 09:07:47] RESTART|bidding-processor
[23-04-2026 09:07:47] HEARTBEAT|bidding-processor
[23-04-2026 09:07:49] HEARTBEAT|auctioneer
[23-04-2026 09:07:50] RESTART|bidder_94255ae7934d
[23-04-2026 09:07:50] RESTART|bidder_4e246f12d06c
[23-04-2026 09:07:50] HEARTBEAT|bidder_94255ae7934d
[23-04-2026 09:07:50] RESTART|message-processor
[23-04-2026 09:07:50] HEARTBEAT|bidder_4e246f12d06c
[23-04-2026 09:07:50] RESTART|bidder_70285923a81e
[23-04-2026 09:07:51] HEARTBEAT|message-processor
[23-04-2026 09:07:51] HEARTBEAT|bidder_70285923a81e
[23-04-2026 09:07:52] HEARTBEAT|bidding-processor
[23-04-2026 09:07:54] HEARTBEAT|auctioneer
[23-04-2026 09:07:55] HEARTBEAT|bidder_94255ae7934d
[23-04-2026 09:07:55] HEARTBEAT|bidder_4e246f12d06c
[23-04-2026 09:07:56] HEARTBEAT|message-processor
[23-04-2026 09:07:56] HEARTBEAT|bidder_70285923a81e
[23-04-2026 09:07:57] HEARTBEAT|bidding-processor
[23-04-2026 09:07:59] HEARTBEAT|auctioneer
[23-04-2026 09:08:00] HEARTBEAT|bidder_94255ae7934d
[23-04-2026 09:08:00] HEARTBEAT|bidder_4e246f12d06c
[23-04-2026 09:08:01] HEARTBEAT|message-processor
[23-04-2026 09:08:01] HEARTBEAT|bidder_70285923a81e
[23-04-2026 09:08:02] HEARTBEAT|bidding-processor
[23-04-2026 09:08:04] HEARTBEAT|auctioneer
[23-04-2026 09:08:05] HEARTBEAT|bidder_94255ae7934d
[23-04-2026 09:08:05] HEARTBEAT|bidder_4e246f12d06c
[23-04-2026 09:08:06] HEARTBEAT|message-processor
[23-04-2026 09:08:06] HEARTBEAT|bidder_70285923a81e
[23-04-2026 09:08:15] RESTART|auctioneer
[23-04-2026 09:08:15] RESTART|bidding-processor
[23-04-2026 09:08:15] HEARTBEAT|auctioneer
[23-04-2026 09:08:15] HEARTBEAT|bidding-processor
[23-04-2026 09:08:18] RESTART|bidder_94255ae7934d
[23-04-2026 09:08:18] RESTART|bidder_4e246f12d06c
[23-04-2026 09:08:18] HEARTBEAT|bidder_94255ae7934d
[23-04-2026 09:08:19] RESTART|message-processor
[23-04-2026 09:08:19] HEARTBEAT|bidder_4e246f12d06c
[23-04-2026 09:08:19] RESTART|bidder_70285923a81e
[23-04-2026 09:08:19] HEARTBEAT|message-processor
[23-04-2026 09:08:19] HEARTBEAT|bidder_70285923a81e
[23-04-2026 09:08:20] HEARTBEAT|auctioneer
[23-04-2026 09:08:20] HEARTBEAT|bidding-processor
[23-04-2026 09:08:23] HEARTBEAT|bidder_94255ae7934d
[23-04-2026 09:08:24] HEARTBEAT|bidder_4e246f12d06c
[23-04-2026 09:08:24] HEARTBEAT|message-processor
[23-04-2026 09:08:24] HEARTBEAT|bidder_70285923a81e
[23-04-2026 09:08:25] HEARTBEAT|auctioneer
[23-04-2026 09:08:25] HEARTBEAT|bidding-processor
[23-04-2026 09:08:28] HEARTBEAT|bidder_94255ae7934d
[23-04-2026 09:08:29] HEARTBEAT|bidder_4e246f12d06c
[23-04-2026 09:08:29] HEARTBEAT|message-processor
[23-04-2026 09:08:29] HEARTBEAT|bidder_70285923a81e
[23-04-2026 09:08:30] HEARTBEAT|auctioneer
[23-04-2026 09:08:30] HEARTBEAT|bidding-processor
[23-04-2026 09:08:33] HEARTBEAT|bidder_94255ae7934d
[23-04-2026 09:08:34] HEARTBEAT|bidder_4e246f12d06c
[23-04-2026 09:08:34] HEARTBEAT|message-processor
[23-04-2026 09:08:34] HEARTBEAT|bidder_70285923a81e
[23-04-2026 09:08:40] RESTART|auctioneer
[23-04-2026 09:08:40] HEARTBEAT|auctioneer
[23-04-2026 09:08:43] RESTART|bidding-processor
[23-04-2026 09:08:44] HEARTBEAT|bidding-processor
[23-04-2026 09:08:45] HEARTBEAT|auctioneer
[23-04-2026 09:08:47] RESTART|bidder_94255ae7934d
[23-04-2026 09:08:47] RESTART|bidder_4e246f12d06c
[23-04-2026 09:08:47] HEARTBEAT|bidder_94255ae7934d
[23-04-2026 09:08:47] RESTART|message-processor
[23-04-2026 09:08:47] HEARTBEAT|bidder_4e246f12d06c
[23-04-2026 09:08:47] RESTART|bidder_70285923a81e
[23-04-2026 09:08:47] HEARTBEAT|message-processor
[23-04-2026 09:08:48] HEARTBEAT|bidder_70285923a81e
[23-04-2026 09:08:49] HEARTBEAT|bidding-processor
[23-04-2026 09:08:50] HEARTBEAT|auctioneer
[23-04-2026 09:08:52] HEARTBEAT|bidder_94255ae7934d
[23-04-2026 09:08:52] HEARTBEAT|bidder_4e246f12d06c
[23-04-2026 09:08:52] HEARTBEAT|message-processor
[23-04-2026 09:08:53] HEARTBEAT|bidder_70285923a81e
[23-04-2026 09:08:54] HEARTBEAT|bidding-processor
[23-04-2026 09:08:55] HEARTBEAT|auctioneer
[23-04-2026 09:08:57] HEARTBEAT|bidder_94255ae7934d
[23-04-2026 09:08:57] HEARTBEAT|bidder_4e246f12d06c
[23-04-2026 09:08:57] HEARTBEAT|message-processor
[23-04-2026 09:08:58] HEARTBEAT|bidder_70285923a81e
[23-04-2026 09:08:59] HEARTBEAT|bidding-processor
[23-04-2026 09:09:00] HEARTBEAT|auctioneer
[23-04-2026 09:09:02] HEARTBEAT|bidder_94255ae7934d
[23-04-2026 09:09:02] HEARTBEAT|bidder_4e246f12d06c
[23-04-2026 09:09:02] HEARTBEAT|message-processor
[23-04-2026 09:09:03] HEARTBEAT|bidder_70285923a81e
[23-04-2026 09:09:11] RESTART|auctioneer
[23-04-2026 09:09:12] RESTART|bidding-processor
[23-04-2026 09:09:12] HEARTBEAT|auctioneer
[23-04-2026 09:09:12] HEARTBEAT|bidding-processor
[23-04-2026 09:09:15] RESTART|bidder_94255ae7934d
[23-04-2026 09:09:15] RESTART|bidder_4e246f12d06c
[23-04-2026 09:09:15] HEARTBEAT|bidder_94255ae7934d
[23-04-2026 09:09:15] RESTART|message-processor
[23-04-2026 09:09:15] HEARTBEAT|bidder_4e246f12d06c
[23-04-2026 09:09:16] RESTART|bidder_70285923a81e
[23-04-2026 09:09:16] HEARTBEAT|message-processor
[23-04-2026 09:09:16] HEARTBEAT|bidder_70285923a81e
[23-04-2026 09:09:17] HEARTBEAT|auctioneer
[23-04-2026 09:09:17] HEARTBEAT|bidding-processor
[23-04-2026 09:09:20] HEARTBEAT|bidder_94255ae7934d
[23-04-2026 09:09:20] HEARTBEAT|bidder_4e246f12d06c
[23-04-2026 09:09:21] HEARTBEAT|message-processor
[23-04-2026 09:09:21] HEARTBEAT|bidder_70285923a81e
[23-04-2026 09:09:22] HEARTBEAT|auctioneer
[23-04-2026 09:09:22] HEARTBEAT|bidding-processor
[23-04-2026 09:09:25] HEARTBEAT|bidder_94255ae7934d
[23-04-2026 09:09:25] HEARTBEAT|bidder_4e246f12d06c
[23-04-2026 09:09:26] HEARTBEAT|message-processor
[23-04-2026 09:09:26] HEARTBEAT|bidder_70285923a81e
[23-04-2026 09:09:27] HEARTBEAT|auctioneer
[23-04-2026 09:09:27] HEARTBEAT|bidding-processor
[23-04-2026 09:09:30] HEARTBEAT|bidder_94255ae7934d
[23-04-2026 09:09:30] HEARTBEAT|bidder_4e246f12d06c
[23-04-2026 09:09:31] HEARTBEAT|message-processor
[23-04-2026 09:09:31] HEARTBEAT|bidder_70285923a81e
[23-04-2026 09:09:40] RESTART|auctioneer
[23-04-2026 09:09:40] RESTART|bidding-processor
[23-04-2026 09:09:40] HEARTBEAT|auctioneer
[23-04-2026 09:09:40] HEARTBEAT|bidding-processor
[23-04-2026 09:09:43] RESTART|bidder_94255ae7934d
[23-04-2026 09:09:44] RESTART|bidder_4e246f12d06c
[23-04-2026 09:09:44] HEARTBEAT|bidder_94255ae7934d
[23-04-2026 09:09:44] RESTART|message-processor
[23-04-2026 09:09:44] HEARTBEAT|bidder_4e246f12d06c
[23-04-2026 09:09:44] RESTART|bidder_70285923a81e
[23-04-2026 09:09:44] HEARTBEAT|message-processor
[23-04-2026 09:09:44] HEARTBEAT|bidder_70285923a81e
[23-04-2026 09:09:45] HEARTBEAT|auctioneer
[23-04-2026 09:09:45] HEARTBEAT|bidding-processor
[23-04-2026 09:09:49] HEARTBEAT|bidder_94255ae7934d
[23-04-2026 09:09:49] HEARTBEAT|bidder_4e246f12d06c
[23-04-2026 09:09:49] HEARTBEAT|message-processor
[23-04-2026 09:09:49] HEARTBEAT|bidder_70285923a81e
[23-04-2026 09:09:50] HEARTBEAT|auctioneer
[23-04-2026 09:09:50] HEARTBEAT|bidding-processor
[23-04-2026 09:09:54] HEARTBEAT|bidder_94255ae7934d
[23-04-2026 09:09:54] HEARTBEAT|bidder_4e246f12d06c
[23-04-2026 09:09:54] HEARTBEAT|message-processor
[23-04-2026 09:09:54] HEARTBEAT|bidder_70285923a81e
[23-04-2026 09:09:55] HEARTBEAT|auctioneer
[23-04-2026 09:09:55] HEARTBEAT|bidding-processor
[23-04-2026 09:09:59] HEARTBEAT|bidder_94255ae7934d
[23-04-2026 09:09:59] HEARTBEAT|bidder_4e246f12d06c
[23-04-2026 09:09:59] HEARTBEAT|message-processor
[23-04-2026 09:09:59] HEARTBEAT|bidder_70285923a81e
[23-04-2026 09:10:05] RESTART|auctioneer
[23-04-2026 09:10:06] HEARTBEAT|auctioneer
[23-04-2026 09:10:08] RESTART|bidding-processor
[23-04-2026 09:10:09] HEARTBEAT|bidding-processor
[23-04-2026 09:10:11] HEARTBEAT|auctioneer
[23-04-2026 09:10:12] RESTART|bidder_94255ae7934d
[23-04-2026 09:10:12] RESTART|bidder_4e246f12d06c
[23-04-2026 09:10:12] HEARTBEAT|bidder_94255ae7934d
[23-04-2026 09:10:12] RESTART|message-processor
[23-04-2026 09:10:12] HEARTBEAT|bidder_4e246f12d06c
[23-04-2026 09:10:12] RESTART|bidder_70285923a81e
[23-04-2026 09:10:12] HEARTBEAT|message-processor
[23-04-2026 09:10:13] HEARTBEAT|bidder_70285923a81e
[23-04-2026 09:10:14] HEARTBEAT|bidding-processor
[23-04-2026 09:10:16] HEARTBEAT|auctioneer
[23-04-2026 09:10:17] HEARTBEAT|bidder_94255ae7934d
[23-04-2026 09:10:17] HEARTBEAT|bidder_4e246f12d06c
[23-04-2026 09:10:17] HEARTBEAT|message-processor
[23-04-2026 09:10:18] HEARTBEAT|bidder_70285923a81e
[23-04-2026 09:10:19] HEARTBEAT|bidding-processor
[23-04-2026 09:10:21] HEARTBEAT|auctioneer
[23-04-2026 09:10:22] HEARTBEAT|bidder_94255ae7934d
[23-04-2026 09:10:22] HEARTBEAT|bidder_4e246f12d06c
[23-04-2026 09:10:22] HEARTBEAT|message-processor
[23-04-2026 09:10:23] HEARTBEAT|bidder_70285923a81e
[23-04-2026 09:10:24] HEARTBEAT|bidding-processor
[23-04-2026 09:10:26] HEARTBEAT|auctioneer
[23-04-2026 09:10:27] HEARTBEAT|bidder_94255ae7934d
[23-04-2026 09:10:27] HEARTBEAT|bidder_4e246f12d06c
[23-04-2026 09:10:27] HEARTBEAT|message-processor
[23-04-2026 09:10:28] HEARTBEAT|bidder_70285923a81e
[23-04-2026 09:10:37] RESTART|auctioneer
[23-04-2026 09:10:37] RESTART|bidding-processor
[23-04-2026 09:10:37] HEARTBEAT|auctioneer
[23-04-2026 09:10:37] HEARTBEAT|bidding-processor
[23-04-2026 09:10:40] RESTART|bidder_94255ae7934d
[23-04-2026 09:10:40] RESTART|bidder_4e246f12d06c
[23-04-2026 09:10:40] HEARTBEAT|bidder_94255ae7934d
[23-04-2026 09:10:40] RESTART|message-processor
[23-04-2026 09:10:41] HEARTBEAT|bidder_4e246f12d06c
[23-04-2026 09:10:41] RESTART|bidder_70285923a81e
[23-04-2026 09:10:41] HEARTBEAT|message-processor
[23-04-2026 09:10:41] HEARTBEAT|bidder_70285923a81e
[23-04-2026 09:10:42] HEARTBEAT|auctioneer
[23-04-2026 09:10:42] HEARTBEAT|bidding-processor
[23-04-2026 09:10:45] HEARTBEAT|bidder_94255ae7934d
[23-04-2026 09:10:46] HEARTBEAT|bidder_4e246f12d06c
[23-04-2026 09:10:46] HEARTBEAT|message-processor
[23-04-2026 09:10:46] HEARTBEAT|bidder_70285923a81e
[23-04-2026 09:10:47] HEARTBEAT|auctioneer
[23-04-2026 09:10:47] HEARTBEAT|bidding-processor
[23-04-2026 09:10:50] HEARTBEAT|bidder_94255ae7934d
[23-04-2026 09:10:51] HEARTBEAT|bidder_4e246f12d06c
[23-04-2026 09:10:51] HEARTBEAT|message-processor
[23-04-2026 09:10:51] HEARTBEAT|bidder_70285923a81e
[23-04-2026 09:10:52] HEARTBEAT|auctioneer
[23-04-2026 09:10:52] HEARTBEAT|bidding-processor
[23-04-2026 09:10:55] HEARTBEAT|bidder_94255ae7934d
[23-04-2026 09:10:56] HEARTBEAT|bidder_4e246f12d06c
[23-04-2026 09:10:56] HEARTBEAT|message-processor
[23-04-2026 09:10:56] HEARTBEAT|bidder_70285923a81e
[23-04-2026 09:11:02] RESTART|auctioneer
[23-04-2026 09:11:02] HEARTBEAT|auctioneer
[23-04-2026 09:11:05] RESTART|bidding-processor
[23-04-2026 09:11:06] HEARTBEAT|bidding-processor
[23-04-2026 09:11:07] HEARTBEAT|auctioneer
[23-04-2026 09:11:08] RESTART|bidder_94255ae7934d
[23-04-2026 09:11:09] RESTART|bidder_4e246f12d06c
[23-04-2026 09:11:09] HEARTBEAT|bidder_94255ae7934d
[23-04-2026 09:11:09] RESTART|message-processor
[23-04-2026 09:11:09] HEARTBEAT|bidder_4e246f12d06c
[23-04-2026 09:11:09] RESTART|bidder_70285923a81e
[23-04-2026 09:11:09] HEARTBEAT|message-processor
[23-04-2026 09:11:09] HEARTBEAT|bidder_70285923a81e
[23-04-2026 09:11:11] HEARTBEAT|bidding-processor
[23-04-2026 09:11:12] HEARTBEAT|auctioneer
[23-04-2026 09:11:14] HEARTBEAT|bidder_94255ae7934d
[23-04-2026 09:11:14] HEARTBEAT|bidder_4e246f12d06c
[23-04-2026 09:11:14] HEARTBEAT|message-processor
[23-04-2026 09:11:14] HEARTBEAT|bidder_70285923a81e
[23-04-2026 09:11:16] HEARTBEAT|bidding-processor
[23-04-2026 09:11:17] HEARTBEAT|auctioneer
[23-04-2026 09:11:19] HEARTBEAT|bidder_94255ae7934d
[23-04-2026 09:11:19] HEARTBEAT|bidder_4e246f12d06c
[23-04-2026 09:11:19] HEARTBEAT|message-processor
[23-04-2026 09:11:19] HEARTBEAT|bidder_70285923a81e
[23-04-2026 09:11:21] HEARTBEAT|bidding-processor
[23-04-2026 09:11:22] HEARTBEAT|auctioneer
[23-04-2026 09:11:24] HEARTBEAT|bidder_94255ae7934d
[23-04-2026 09:11:24] HEARTBEAT|bidder_4e246f12d06c
[23-04-2026 09:11:24] HEARTBEAT|message-processor
[23-04-2026 09:11:24] HEARTBEAT|bidder_70285923a81e
[23-04-2026 09:11:33] RESTART|auctioneer
[23-04-2026 09:11:34] RESTART|bidding-processor
[23-04-2026 09:11:34] HEARTBEAT|auctioneer
[23-04-2026 09:11:34] HEARTBEAT|bidding-processor
[23-04-2026 09:11:37] RESTART|bidder_94255ae7934d
[23-04-2026 09:11:37] RESTART|bidder_4e246f12d06c
[23-04-2026 09:11:37] HEARTBEAT|bidder_94255ae7934d
[23-04-2026 09:11:37] RESTART|message-processor
[23-04-2026 09:11:37] HEARTBEAT|bidder_4e246f12d06c
[23-04-2026 09:11:37] RESTART|bidder_70285923a81e
[23-04-2026 09:11:37] HEARTBEAT|message-processor
[23-04-2026 09:11:38] HEARTBEAT|bidder_70285923a81e
[23-04-2026 09:11:39] HEARTBEAT|auctioneer
[23-04-2026 09:11:39] HEARTBEAT|bidding-processor
[23-04-2026 09:11:42] HEARTBEAT|bidder_94255ae7934d
[23-04-2026 09:11:42] HEARTBEAT|bidder_4e246f12d06c
[23-04-2026 09:11:42] HEARTBEAT|message-processor
[23-04-2026 09:11:43] HEARTBEAT|bidder_70285923a81e
[23-04-2026 09:11:44] HEARTBEAT|auctioneer
[23-04-2026 09:11:44] HEARTBEAT|bidding-processor
[23-04-2026 09:11:47] HEARTBEAT|bidder_94255ae7934d
[23-04-2026 09:11:47] HEARTBEAT|bidder_4e246f12d06c
[23-04-2026 09:11:47] HEARTBEAT|message-processor
[23-04-2026 09:11:48] HEARTBEAT|bidder_70285923a81e
[23-04-2026 09:11:49] HEARTBEAT|auctioneer
[23-04-2026 09:11:49] HEARTBEAT|bidding-processor
[23-04-2026 09:11:52] HEARTBEAT|bidder_94255ae7934d
[23-04-2026 09:11:52] HEARTBEAT|bidder_4e246f12d06c
[23-04-2026 09:11:52] HEARTBEAT|message-processor
[23-04-2026 09:11:53] HEARTBEAT|bidder_70285923a81e
[23-04-2026 09:12:02] RESTART|auctioneer
[23-04-2026 09:12:02] RESTART|bidding-processor
[23-04-2026 09:12:02] HEARTBEAT|auctioneer
[23-04-2026 09:12:02] HEARTBEAT|bidding-processor
[23-04-2026 09:12:05] RESTART|bidder_94255ae7934d
[23-04-2026 09:12:05] RESTART|bidder_4e246f12d06c
[23-04-2026 09:12:05] HEARTBEAT|bidder_94255ae7934d
[23-04-2026 09:12:05] RESTART|message-processor
[23-04-2026 09:12:06] HEARTBEAT|bidder_4e246f12d06c
[23-04-2026 09:12:06] RESTART|bidder_70285923a81e
[23-04-2026 09:12:06] HEARTBEAT|message-processor
[23-04-2026 09:12:06] HEARTBEAT|bidder_70285923a81e
[23-04-2026 09:12:07] HEARTBEAT|auctioneer
[23-04-2026 09:12:07] HEARTBEAT|bidding-processor
[23-04-2026 09:12:10] HEARTBEAT|bidder_94255ae7934d
[23-04-2026 09:12:11] HEARTBEAT|bidder_4e246f12d06c
[23-04-2026 09:12:11] HEARTBEAT|message-processor
[23-04-2026 09:12:11] HEARTBEAT|bidder_70285923a81e
[23-04-2026 09:12:12] HEARTBEAT|auctioneer
[23-04-2026 09:12:12] HEARTBEAT|bidding-processor
[23-04-2026 09:12:15] HEARTBEAT|bidder_94255ae7934d
[23-04-2026 09:12:16] HEARTBEAT|bidder_4e246f12d06c
[23-04-2026 09:12:16] HEARTBEAT|message-processor
[23-04-2026 09:12:16] HEARTBEAT|bidder_70285923a81e
[23-04-2026 09:12:17] HEARTBEAT|auctioneer
[23-04-2026 09:12:17] HEARTBEAT|bidding-processor
[23-04-2026 09:12:20] HEARTBEAT|bidder_94255ae7934d
[23-04-2026 09:12:21] HEARTBEAT|bidder_4e246f12d06c
[23-04-2026 09:12:21] HEARTBEAT|message-processor
[23-04-2026 09:12:21] HEARTBEAT|bidder_70285923a81e
[23-04-2026 09:12:26] START
[23-04-2026 09:12:26] HEARTBEAT|bidding-processor
[23-04-2026 09:12:26] HEARTBEAT|message-processor
[23-04-2026 09:12:26] HEARTBEAT|auctioneer
[23-04-2026 09:12:26] HEARTBEAT|bidder_3e01bcb6ca9b
[23-04-2026 09:12:27] HEARTBEAT|bidder_69475c8b276f
[23-04-2026 09:12:27] HEARTBEAT|bidder_698e73fad771
[23-04-2026 09:12:31] HEARTBEAT|bidding-processor
[23-04-2026 09:12:31] HEARTBEAT|message-processor
[23-04-2026 09:12:31] HEARTBEAT|auctioneer
[23-04-2026 09:12:31] HEARTBEAT|bidder_3e01bcb6ca9b
[23-04-2026 09:12:32] HEARTBEAT|bidder_69475c8b276f
[23-04-2026 09:12:32] HEARTBEAT|bidder_698e73fad771
[23-04-2026 09:12:36] HEARTBEAT|bidding-processor
[23-04-2026 09:12:36] HEARTBEAT|message-processor
[23-04-2026 09:12:36] HEARTBEAT|auctioneer
[23-04-2026 09:12:36] HEARTBEAT|bidder_3e01bcb6ca9b
[23-04-2026 09:12:37] HEARTBEAT|bidder_69475c8b276f
[23-04-2026 09:12:37] HEARTBEAT|bidder_698e73fad771
[23-04-2026 09:12:41] HEARTBEAT|bidding-processor
[23-04-2026 09:12:41] HEARTBEAT|message-processor
[23-04-2026 09:12:41] HEARTBEAT|auctioneer
[23-04-2026 09:12:41] HEARTBEAT|bidder_3e01bcb6ca9b
[23-04-2026 09:12:42] HEARTBEAT|bidder_69475c8b276f
[23-04-2026 09:12:42] HEARTBEAT|bidder_698e73fad771
[23-04-2026 09:12:53] RESTART|bidder_698e73fad771
[23-04-2026 09:12:53] RESTART|auctioneer
[23-04-2026 09:12:53] HEARTBEAT|bidder_698e73fad771
[23-04-2026 09:12:53] RESTART|bidder_69475c8b276f
[23-04-2026 09:12:53] HEARTBEAT|auctioneer
[23-04-2026 09:12:53] RESTART|bidding-processor
[23-04-2026 09:12:54] HEARTBEAT|bidder_69475c8b276f
[23-04-2026 09:12:54] RESTART|message-processor
[23-04-2026 09:12:54] HEARTBEAT|bidding-processor
[23-04-2026 09:12:54] RESTART|bidder_3e01bcb6ca9b
[23-04-2026 09:12:54] HEARTBEAT|message-processor
[23-04-2026 09:12:54] HEARTBEAT|bidder_3e01bcb6ca9b
[23-04-2026 09:12:58] HEARTBEAT|auctioneer
[23-04-2026 09:12:59] HEARTBEAT|bidder_69475c8b276f
[23-04-2026 09:12:59] HEARTBEAT|bidding-processor
[23-04-2026 09:12:59] HEARTBEAT|message-processor
[23-04-2026 09:12:59] HEARTBEAT|bidder_3e01bcb6ca9b
[23-04-2026 09:13:03] RESTART|bidder_698e73fad771
[23-04-2026 09:13:03] HEARTBEAT|auctioneer
[23-04-2026 09:13:03] HEARTBEAT|bidder_698e73fad771
[23-04-2026 09:13:04] HEARTBEAT|bidder_69475c8b276f
[23-04-2026 09:13:04] HEARTBEAT|bidding-processor
[23-04-2026 09:13:04] HEARTBEAT|message-processor
[23-04-2026 09:13:04] HEARTBEAT|bidder_3e01bcb6ca9b
[23-04-2026 09:13:08] HEARTBEAT|auctioneer
[23-04-2026 09:13:08] HEARTBEAT|bidder_698e73fad771
[23-04-2026 09:13:09] HEARTBEAT|bidder_69475c8b276f
[23-04-2026 09:13:09] HEARTBEAT|bidding-processor
[23-04-2026 09:13:09] HEARTBEAT|message-processor
[23-04-2026 09:13:09] HEARTBEAT|bidder_3e01bcb6ca9b
[23-04-2026 09:13:13] HEARTBEAT|auctioneer
[23-04-2026 09:13:13] HEARTBEAT|bidder_698e73fad771
[23-04-2026 09:13:14] HEARTBEAT|bidder_69475c8b276f
[23-04-2026 09:13:14] HEARTBEAT|bidding-processor
[23-04-2026 09:13:14] HEARTBEAT|message-processor
[23-04-2026 09:13:14] HEARTBEAT|bidder_3e01bcb6ca9b
[23-04-2026 09:13:18] HEARTBEAT|auctioneer
[23-04-2026 09:13:18] HEARTBEAT|bidder_698e73fad771
[23-04-2026 09:13:19] HEARTBEAT|bidder_69475c8b276f
[23-04-2026 09:13:19] HEARTBEAT|bidding-processor
[23-04-2026 09:13:24] RESTART|message-processor
[23-04-2026 09:13:25] RESTART|bidder_3e01bcb6ca9b
[23-04-2026 09:13:25] HEARTBEAT|message-processor
[23-04-2026 09:13:25] EROARE|java.lang.Exception: Eroare: Microserviciul 39796 a fost deconectat.
[23-04-2026 09:13:25] ERROR: Microserviciul 39796 a fost deconectat
[23-04-2026 09:13:28] RESTART|bidder_3e01bcb6ca9b
[23-04-2026 09:13:31] RESTART|bidder_698e73fad771
[23-04-2026 09:13:31] RESTART|auctioneer
[23-04-2026 09:13:32] RESTART|bidder_69475c8b276f
[23-04-2026 09:13:32] RESTART|bidding-processor
[23-04-2026 09:13:32] RESTART|bidder_3e01bcb6ca9b
[23-04-2026 09:13:35] RESTART|bidder_698e73fad771
[23-04-2026 09:13:35] RESTART|auctioneer
[23-04-2026 09:13:36] RESTART|bidder_69475c8b276f
[23-04-2026 09:13:37] RESTART|bidding-processor
[23-04-2026 09:13:37] RESTART|message-processor
[23-04-2026 09:13:38] RESTART|bidder_3e01bcb6ca9b
[23-04-2026 09:13:41] RESTART|bidder_698e73fad771
[23-04-2026 09:13:42] RESTART|auctioneer
[23-04-2026 09:13:42] RESTART|bidder_69475c8b276f
[23-04-2026 09:13:43] RESTART|bidding-processor
[23-04-2026 09:13:43] RESTART|message-processor
[23-04-2026 09:13:44] RESTART|bidder_3e01bcb6ca9b
[23-04-2026 09:13:48] RESTART|bidder_698e73fad771
[23-04-2026 09:13:48] RESTART|auctioneer
[23-04-2026 09:13:49] RESTART|bidder_69475c8b276f
[23-04-2026 09:13:49] RESTART|bidding-processor
[23-04-2026 09:13:50] RESTART|message-processor
[23-04-2026 09:13:51] RESTART|bidder_3e01bcb6ca9b
[23-04-2026 09:13:54] RESTART|bidder_698e73fad771
[23-04-2026 09:13:54] RESTART|auctioneer
[23-04-2026 09:13:55] RESTART|bidder_69475c8b276f
[23-04-2026 09:13:55] RESTART|bidding-processor
[23-04-2026 09:13:56] RESTART|message-processor
[23-04-2026 09:13:57] RESTART|bidder_3e01bcb6ca9b
[23-04-2026 09:14:00] RESTART|bidder_698e73fad771
[23-04-2026 09:14:00] RESTART|auctioneer
[23-04-2026 09:14:01] RESTART|bidder_69475c8b276f
[23-04-2026 09:14:01] RESTART|bidding-processor
[23-04-2026 09:14:02] RESTART|message-processor
[23-04-2026 09:14:03] RESTART|bidder_3e01bcb6ca9b
[23-04-2026 09:14:06] RESTART|bidder_698e73fad771
[23-04-2026 09:14:06] RESTART|auctioneer
[23-04-2026 09:14:08] RESTART|bidder_69475c8b276f
[23-04-2026 09:14:08] RESTART|bidding-processor
[23-04-2026 09:14:09] RESTART|message-processor
[23-04-2026 09:14:09] RESTART|bidder_3e01bcb6ca9b
[23-04-2026 09:14:13] RESTART|bidder_698e73fad771
[23-04-2026 09:14:13] RESTART|auctioneer
[23-04-2026 09:14:14] RESTART|bidder_69475c8b276f
[23-04-2026 09:14:14] RESTART|bidding-processor
[23-04-2026 09:14:15] RESTART|message-processor
[23-04-2026 09:14:16] RESTART|bidder_3e01bcb6ca9b
[23-04-2026 09:14:19] RESTART|bidder_698e73fad771
[23-04-2026 09:14:20] RESTART|auctioneer
[23-04-2026 09:14:21] RESTART|bidder_69475c8b276f
[23-04-2026 09:14:21] RESTART|bidding-processor
[23-04-2026 09:14:22] RESTART|message-processor
[23-04-2026 09:14:23] RESTART|bidder_3e01bcb6ca9b
[23-04-2026 09:14:26] RESTART|bidder_698e73fad771
[23-04-2026 09:14:26] RESTART|auctioneer
[23-04-2026 09:14:27] RESTART|bidder_69475c8b276f
[23-04-2026 09:14:27] RESTART|bidding-processor
[23-04-2026 09:14:28] RESTART|message-processor
[23-04-2026 09:14:29] RESTART|bidder_3e01bcb6ca9b
[23-04-2026 09:14:32] RESTART|bidder_698e73fad771
[23-04-2026 09:14:33] RESTART|auctioneer
[23-04-2026 09:14:34] RESTART|bidder_69475c8b276f
[23-04-2026 09:14:34] RESTART|bidding-processor
[23-04-2026 09:14:35] RESTART|message-processor
[23-04-2026 09:14:36] RESTART|bidder_3e01bcb6ca9b
[23-04-2026 09:14:39] RESTART|bidder_698e73fad771
[23-04-2026 09:14:39] RESTART|auctioneer
[23-04-2026 09:14:40] RESTART|bidder_69475c8b276f
[23-04-2026 09:14:41] RESTART|bidding-processor
[23-04-2026 09:14:42] RESTART|message-processor
[23-04-2026 09:14:42] RESTART|bidder_3e01bcb6ca9b
[23-04-2026 09:14:46] RESTART|bidder_698e73fad771
[23-04-2026 09:14:46] RESTART|auctioneer
[23-04-2026 09:14:47] RESTART|bidder_69475c8b276f
[23-04-2026 09:14:47] RESTART|bidding-processor
[23-04-2026 09:14:48] RESTART|message-processor
[23-04-2026 09:14:49] RESTART|bidder_3e01bcb6ca9b
[23-04-2026 09:14:52] RESTART|bidder_698e73fad771
[23-04-2026 09:14:52] RESTART|auctioneer
[23-04-2026 09:14:54] RESTART|bidder_69475c8b276f
[23-04-2026 09:14:54] RESTART|bidding-processor
[23-04-2026 09:14:55] RESTART|message-processor
[23-04-2026 09:14:56] RESTART|bidder_3e01bcb6ca9b
[23-04-2026 09:14:59] RESTART|bidder_698e73fad771
[23-04-2026 09:14:59] RESTART|auctioneer
[23-04-2026 09:15:00] RESTART|bidder_69475c8b276f
[23-04-2026 09:15:00] RESTART|bidding-processor
[23-04-2026 09:15:02] RESTART|message-processor
[23-04-2026 09:15:02] RESTART|bidder_3e01bcb6ca9b
[23-04-2026 09:15:06] RESTART|bidder_698e73fad771
[23-04-2026 09:15:06] RESTART|auctioneer
[23-04-2026 09:15:07] RESTART|bidder_69475c8b276f
[23-04-2026 09:15:07] RESTART|bidding-processor
[23-04-2026 09:15:08] RESTART|message-processor
[23-04-2026 09:15:09] RESTART|bidder_3e01bcb6ca9b
[23-04-2026 09:15:12] RESTART|bidder_698e73fad771
[23-04-2026 09:15:13] RESTART|auctioneer
[23-04-2026 09:15:14] RESTART|bidder_69475c8b276f
[23-04-2026 09:15:14] RESTART|bidding-processor
[23-04-2026 09:15:15] RESTART|message-processor
[23-04-2026 09:15:16] RESTART|bidder_3e01bcb6ca9b
[23-04-2026 09:15:19] RESTART|bidder_698e73fad771
[23-04-2026 09:15:19] RESTART|auctioneer
[23-04-2026 09:15:20] RESTART|bidder_69475c8b276f
[23-04-2026 09:15:21] RESTART|bidding-processor
[23-04-2026 09:15:21] RESTART|message-processor
[23-04-2026 09:15:22] RESTART|bidder_3e01bcb6ca9b
[23-04-2026 09:15:26] RESTART|bidder_698e73fad771
[23-04-2026 09:15:26] RESTART|auctioneer
[23-04-2026 09:15:27] RESTART|bidder_69475c8b276f
[23-04-2026 09:15:27] RESTART|bidding-processor
[23-04-2026 09:15:28] RESTART|message-processor
[23-04-2026 09:15:29] RESTART|bidder_3e01bcb6ca9b
[23-04-2026 09:15:32] RESTART|bidder_698e73fad771
[23-04-2026 09:15:32] RESTART|auctioneer
[23-04-2026 09:15:33] RESTART|bidder_69475c8b276f
[23-04-2026 09:15:34] RESTART|bidding-processor
[23-04-2026 09:15:35] RESTART|message-processor
[23-04-2026 09:15:35] RESTART|bidder_3e01bcb6ca9b
[23-04-2026 09:15:39] RESTART|bidder_698e73fad771
[23-04-2026 09:15:39] RESTART|auctioneer
[23-04-2026 09:15:40] RESTART|bidder_69475c8b276f
[23-04-2026 09:15:40] RESTART|bidding-processor
[23-04-2026 09:15:41] RESTART|message-processor
[23-04-2026 09:15:42] RESTART|bidder_3e01bcb6ca9b
[23-04-2026 09:15:45] RESTART|bidder_698e73fad771
[23-04-2026 09:15:45] RESTART|auctioneer
[23-04-2026 09:15:47] RESTART|bidder_69475c8b276f
[23-04-2026 09:15:47] RESTART|bidding-processor
[23-04-2026 09:15:48] RESTART|message-processor
[23-04-2026 09:15:49] RESTART|bidder_3e01bcb6ca9b
[23-04-2026 09:15:52] RESTART|bidder_698e73fad771
[23-04-2026 09:15:52] RESTART|auctioneer
[23-04-2026 09:15:53] RESTART|bidder_69475c8b276f
[23-04-2026 09:15:53] RESTART|bidding-processor
[23-04-2026 09:15:54] RESTART|message-processor
[23-04-2026 09:15:55] RESTART|bidder_3e01bcb6ca9b
[23-04-2026 09:15:58] RESTART|bidder_698e73fad771
[23-04-2026 09:15:59] RESTART|auctioneer
[23-04-2026 09:16:00] RESTART|bidder_69475c8b276f
[23-04-2026 09:16:00] RESTART|bidding-processor
[23-04-2026 09:16:01] RESTART|message-processor
[23-04-2026 09:16:02] RESTART|bidder_3e01bcb6ca9b
[23-04-2026 09:16:05] RESTART|bidder_698e73fad771
[23-04-2026 09:16:05] RESTART|auctioneer
[23-04-2026 09:16:06] RESTART|bidder_69475c8b276f
[23-04-2026 09:16:07] RESTART|bidding-processor
[23-04-2026 09:16:07] RESTART|message-processor
[23-04-2026 09:16:08] RESTART|bidder_3e01bcb6ca9b
[23-04-2026 09:16:12] RESTART|bidder_698e73fad771
[23-04-2026 09:16:12] RESTART|auctioneer
[23-04-2026 09:16:13] RESTART|bidder_69475c8b276f
[23-04-2026 09:16:13] RESTART|bidding-processor
[23-04-2026 09:16:14] RESTART|message-processor
[23-04-2026 09:16:15] RESTART|bidder_3e01bcb6ca9b
[23-04-2026 09:16:18] RESTART|bidder_698e73fad771
[23-04-2026 09:16:18] RESTART|auctioneer
[23-04-2026 09:16:20] RESTART|bidder_69475c8b276f
[23-04-2026 09:16:20] RESTART|bidding-processor
[23-04-2026 09:16:21] RESTART|message-processor
[23-04-2026 09:16:22] RESTART|bidder_3e01bcb6ca9b
[23-04-2026 09:16:25] RESTART|bidder_698e73fad771
[23-04-2026 09:16:25] RESTART|auctioneer
[23-04-2026 09:16:26] RESTART|bidder_69475c8b276f
[23-04-2026 09:16:26] RESTART|bidding-processor
[23-04-2026 09:16:27] RESTART|message-processor
[23-04-2026 09:16:28] RESTART|bidder_3e01bcb6ca9b
[23-04-2026 09:16:31] RESTART|bidder_698e73fad771
[23-04-2026 09:16:32] RESTART|auctioneer
[23-04-2026 09:16:33] RESTART|bidder_69475c8b276f
[23-04-2026 09:16:33] RESTART|bidding-processor
[23-04-2026 09:16:34] RESTART|message-processor
[23-04-2026 09:16:35] RESTART|bidder_3e01bcb6ca9b
[23-04-2026 09:16:38] RESTART|bidder_698e73fad771
[23-04-2026 09:16:39] RESTART|auctioneer
[23-04-2026 09:16:40] RESTART|bidder_69475c8b276f
[23-04-2026 09:16:40] RESTART|bidding-processor
[23-04-2026 09:16:41] RESTART|message-processor
[23-04-2026 09:16:41] RESTART|bidder_3e01bcb6ca9b
[23-04-2026 09:16:45] RESTART|bidder_698e73fad771
[23-04-2026 09:16:45] RESTART|auctioneer
[23-04-2026 09:16:46] RESTART|bidder_69475c8b276f
[23-04-2026 09:16:46] RESTART|bidding-processor
[23-04-2026 09:16:47] RESTART|message-processor
[23-04-2026 09:16:48] RESTART|bidder_3e01bcb6ca9b
[23-04-2026 09:16:51] RESTART|bidder_698e73fad771
[23-04-2026 09:16:52] RESTART|auctioneer
[23-04-2026 09:16:53] RESTART|bidder_69475c8b276f
[23-04-2026 09:16:53] RESTART|bidding-processor
[23-04-2026 09:16:54] RESTART|message-processor
[23-04-2026 09:16:55] RESTART|bidder_3e01bcb6ca9b
[23-04-2026 09:16:58] RESTART|bidder_698e73fad771
[23-04-2026 09:16:58] RESTART|auctioneer
[23-04-2026 09:16:59] RESTART|bidder_69475c8b276f
[23-04-2026 09:17:00] RESTART|bidding-processor
[23-04-2026 09:17:00] RESTART|message-processor
[23-04-2026 09:17:01] RESTART|bidder_3e01bcb6ca9b
[23-04-2026 09:17:05] RESTART|bidder_698e73fad771
[23-04-2026 09:17:05] RESTART|auctioneer
[23-04-2026 09:17:06] RESTART|bidder_69475c8b276f
[23-04-2026 09:17:06] RESTART|bidding-processor
[23-04-2026 09:17:07] RESTART|message-processor
[23-04-2026 09:17:08] RESTART|bidder_3e01bcb6ca9b
[23-04-2026 09:17:11] RESTART|bidder_698e73fad771
[23-04-2026 09:17:11] RESTART|auctioneer
[23-04-2026 09:17:12] RESTART|bidder_69475c8b276f
[23-04-2026 09:17:13] RESTART|bidding-processor
[23-04-2026 09:17:14] RESTART|message-processor
[23-04-2026 09:17:15] RESTART|bidder_3e01bcb6ca9b
[23-04-2026 09:17:18] RESTART|bidder_698e73fad771
[23-04-2026 09:17:18] RESTART|auctioneer
[23-04-2026 09:17:19] RESTART|bidder_69475c8b276f
[23-04-2026 09:17:20] RESTART|bidding-processor
[23-04-2026 09:17:20] RESTART|message-processor
[23-04-2026 09:17:21] RESTART|bidder_3e01bcb6ca9b
[23-04-2026 09:17:25] RESTART|bidder_698e73fad771
[23-04-2026 09:17:25] RESTART|auctioneer
[23-04-2026 09:17:26] RESTART|bidder_69475c8b276f
[23-04-2026 09:17:26] RESTART|bidding-processor
[23-04-2026 09:17:27] RESTART|message-processor
[23-04-2026 09:17:28] RESTART|bidder_3e01bcb6ca9b
[23-04-2026 09:17:31] RESTART|bidder_698e73fad771
[23-04-2026 09:17:31] RESTART|auctioneer
[23-04-2026 09:17:32] RESTART|bidder_69475c8b276f
[23-04-2026 09:17:33] RESTART|bidding-processor
[23-04-2026 09:17:34] RESTART|message-processor
[23-04-2026 09:17:34] RESTART|bidder_3e01bcb6ca9b
[23-04-2026 09:17:38] RESTART|bidder_698e73fad771
[23-04-2026 09:17:38] RESTART|auctioneer
[23-04-2026 09:17:39] RESTART|bidder_69475c8b276f
[23-04-2026 09:17:39] RESTART|bidding-processor
[23-04-2026 09:17:40] RESTART|message-processor
[23-04-2026 09:17:41] RESTART|bidder_3e01bcb6ca9b
[23-04-2026 09:17:44] RESTART|bidder_698e73fad771
[23-04-2026 09:17:44] RESTART|auctioneer
[23-04-2026 09:17:46] RESTART|bidder_69475c8b276f
[23-04-2026 09:17:46] RESTART|bidding-processor
[23-04-2026 09:17:47] RESTART|message-processor
[23-04-2026 09:17:48] RESTART|bidder_3e01bcb6ca9b
[23-04-2026 09:17:51] RESTART|bidder_698e73fad771
[23-04-2026 09:17:51] RESTART|auctioneer
[23-04-2026 09:17:52] RESTART|bidder_69475c8b276f
[23-04-2026 09:17:53] RESTART|bidding-processor
[23-04-2026 09:17:54] RESTART|message-processor
[23-04-2026 09:17:54] RESTART|bidder_3e01bcb6ca9b
[23-04-2026 09:17:58] RESTART|bidder_698e73fad771
[23-04-2026 09:17:58] RESTART|auctioneer
[23-04-2026 09:17:59] RESTART|bidder_69475c8b276f
[23-04-2026 09:17:59] RESTART|bidding-processor
[23-04-2026 09:18:00] RESTART|message-processor
[23-04-2026 09:18:01] RESTART|bidder_3e01bcb6ca9b
[23-04-2026 09:18:04] RESTART|bidder_698e73fad771
[23-04-2026 09:18:05] RESTART|auctioneer
[23-04-2026 09:18:06] RESTART|bidder_69475c8b276f
[23-04-2026 09:18:06] RESTART|bidding-processor
[23-04-2026 09:18:07] RESTART|message-processor
[23-04-2026 09:18:08] RESTART|bidder_3e01bcb6ca9b
[23-04-2026 09:18:11] RESTART|bidder_698e73fad771
[23-04-2026 09:18:11] RESTART|auctioneer
[23-04-2026 09:18:12] RESTART|bidder_69475c8b276f
[23-04-2026 09:18:13] RESTART|bidding-processor
[23-04-2026 09:18:14] RESTART|message-processor
[23-04-2026 09:18:14] RESTART|bidder_3e01bcb6ca9b
[23-04-2026 09:18:18] RESTART|bidder_698e73fad771
[23-04-2026 09:18:18] RESTART|auctioneer
[23-04-2026 09:18:19] RESTART|bidder_69475c8b276f
[23-04-2026 09:18:19] RESTART|bidding-processor
[23-04-2026 09:18:20] RESTART|message-processor
[23-04-2026 09:18:21] RESTART|bidder_3e01bcb6ca9b
[23-04-2026 09:18:24] RESTART|bidder_698e73fad771
[23-04-2026 09:18:25] RESTART|auctioneer
[23-04-2026 09:18:26] RESTART|bidder_69475c8b276f
[23-04-2026 09:18:26] RESTART|bidding-processor
[23-04-2026 09:18:27] RESTART|message-processor
[23-04-2026 09:18:28] RESTART|bidder_3e01bcb6ca9b
[23-04-2026 09:18:31] RESTART|bidder_698e73fad771
[23-04-2026 09:18:31] RESTART|auctioneer
[23-04-2026 09:18:32] RESTART|bidder_69475c8b276f
[23-04-2026 09:18:33] RESTART|bidding-processor
[23-04-2026 09:18:33] RESTART|message-processor
[23-04-2026 09:18:34] RESTART|bidder_3e01bcb6ca9b
[23-04-2026 09:18:38] RESTART|bidder_698e73fad771
[23-04-2026 09:18:38] RESTART|auctioneer
[23-04-2026 09:18:39] RESTART|bidder_69475c8b276f
[23-04-2026 09:18:39] RESTART|bidding-processor
[23-04-2026 09:18:40] RESTART|message-processor
[23-04-2026 09:18:41] RESTART|bidder_3e01bcb6ca9b
[23-04-2026 09:18:44] RESTART|bidder_698e73fad771
[23-04-2026 09:18:44] RESTART|auctioneer
[23-04-2026 09:18:46] RESTART|bidder_69475c8b276f
[23-04-2026 09:18:46] RESTART|bidding-processor
[23-04-2026 09:18:47] RESTART|message-processor
[23-04-2026 09:18:48] RESTART|bidder_3e01bcb6ca9b
[23-04-2026 09:18:51] RESTART|bidder_698e73fad771
[23-04-2026 09:18:51] RESTART|auctioneer
[23-04-2026 09:18:52] RESTART|bidder_69475c8b276f
[23-04-2026 09:18:52] RESTART|bidding-processor
[23-04-2026 09:18:53] RESTART|message-processor
[23-04-2026 09:18:54] RESTART|bidder_3e01bcb6ca9b
[23-04-2026 09:18:57] RESTART|bidder_698e73fad771
[23-04-2026 09:18:57] RESTART|auctioneer
[23-04-2026 09:18:59] RESTART|bidder_69475c8b276f
[23-04-2026 09:18:59] RESTART|bidding-processor
[23-04-2026 09:19:00] RESTART|message-processor
[23-04-2026 09:19:01] RESTART|bidder_3e01bcb6ca9b
[23-04-2026 09:19:04] RESTART|bidder_698e73fad771
[23-04-2026 09:19:04] RESTART|auctioneer
[23-04-2026 09:19:05] RESTART|bidder_69475c8b276f
[23-04-2026 09:19:06] RESTART|bidding-processor
[23-04-2026 09:19:06] RESTART|message-processor
[23-04-2026 09:19:07] RESTART|bidder_3e01bcb6ca9b
[23-04-2026 09:19:10] RESTART|bidder_698e73fad771
[23-04-2026 09:19:11] RESTART|auctioneer
[23-04-2026 09:19:12] RESTART|bidder_69475c8b276f
[23-04-2026 09:19:12] RESTART|bidding-processor
[23-04-2026 09:19:13] RESTART|message-processor
[23-04-2026 09:19:14] RESTART|bidder_3e01bcb6ca9b
[23-04-2026 09:19:17] RESTART|bidder_698e73fad771
[23-04-2026 09:19:17] RESTART|auctioneer
[23-04-2026 09:19:18] RESTART|bidder_69475c8b276f
[23-04-2026 09:19:19] RESTART|bidding-processor
[23-04-2026 09:19:20] RESTART|message-processor
[23-04-2026 09:19:20] RESTART|bidder_3e01bcb6ca9b
[23-04-2026 09:19:24] RESTART|bidder_698e73fad771
[23-04-2026 09:19:24] RESTART|auctioneer
[23-04-2026 09:19:25] RESTART|bidder_69475c8b276f
[23-04-2026 09:19:25] RESTART|bidding-processor
[23-04-2026 09:19:26] RESTART|message-processor
[23-04-2026 09:19:27] RESTART|bidder_3e01bcb6ca9b
[23-04-2026 09:19:30] RESTART|bidder_698e73fad771
[23-04-2026 09:19:30] RESTART|auctioneer
[23-04-2026 09:19:32] RESTART|bidder_69475c8b276f
[23-04-2026 09:19:32] RESTART|bidding-processor
[23-04-2026 09:19:33] RESTART|message-processor
[23-04-2026 09:19:34] RESTART|bidder_3e01bcb6ca9b
[23-04-2026 09:19:37] RESTART|bidder_698e73fad771
[23-04-2026 09:19:37] RESTART|auctioneer
[23-04-2026 09:19:38] RESTART|bidder_69475c8b276f
[23-04-2026 09:19:38] RESTART|bidding-processor
[23-04-2026 09:19:39] RESTART|message-processor
[23-04-2026 09:19:40] RESTART|bidder_3e01bcb6ca9b
[23-04-2026 09:19:43] RESTART|bidder_698e73fad771
[23-04-2026 09:19:44] RESTART|auctioneer
[23-04-2026 09:19:45] RESTART|bidder_69475c8b276f
[23-04-2026 09:19:45] RESTART|bidding-processor
[23-04-2026 09:19:46] RESTART|message-processor
[23-04-2026 09:19:47] RESTART|bidder_3e01bcb6ca9b
[23-04-2026 09:19:50] RESTART|bidder_698e73fad771
[23-04-2026 09:19:50] RESTART|auctioneer
[23-04-2026 09:19:51] RESTART|bidder_69475c8b276f
[23-04-2026 09:19:52] RESTART|bidding-processor
[23-04-2026 09:19:52] RESTART|message-processor
[23-04-2026 09:19:53] RESTART|bidder_3e01bcb6ca9b
[23-04-2026 09:19:57] RESTART|bidder_698e73fad771
[23-04-2026 09:19:57] RESTART|auctioneer
[23-04-2026 09:19:58] RESTART|bidder_69475c8b276f
[23-04-2026 09:19:58] RESTART|bidding-processor
[23-04-2026 09:19:59] RESTART|message-processor
[23-04-2026 09:20:00] RESTART|bidder_3e01bcb6ca9b
[23-04-2026 09:20:03] RESTART|bidder_698e73fad771
[23-04-2026 09:20:03] RESTART|auctioneer
[23-04-2026 09:20:05] RESTART|bidder_69475c8b276f
[23-04-2026 09:20:05] RESTART|bidding-processor
[23-04-2026 09:20:06] RESTART|message-processor
[23-04-2026 09:20:06] RESTART|bidder_3e01bcb6ca9b
[23-04-2026 09:20:10] RESTART|bidder_698e73fad771
[23-04-2026 09:20:10] RESTART|auctioneer
[23-04-2026 09:20:11] RESTART|bidder_69475c8b276f
[23-04-2026 09:20:11] RESTART|bidding-processor
[23-04-2026 09:20:12] RESTART|message-processor
[23-04-2026 09:20:13] RESTART|bidder_3e01bcb6ca9b
[23-04-2026 09:20:16] RESTART|bidder_698e73fad771
[23-04-2026 09:20:16] RESTART|auctioneer
[23-04-2026 09:20:18] RESTART|bidder_69475c8b276f
[23-04-2026 09:20:18] RESTART|bidding-processor
[23-04-2026 09:20:19] RESTART|message-processor
[23-04-2026 09:20:20] RESTART|bidder_3e01bcb6ca9b
[23-04-2026 09:20:23] RESTART|bidder_698e73fad771
[23-04-2026 09:20:23] RESTART|auctioneer
[23-04-2026 09:20:24] RESTART|bidder_69475c8b276f
[23-04-2026 09:20:24] RESTART|bidding-processor
[23-04-2026 09:20:25] RESTART|message-processor
[23-04-2026 09:20:26] RESTART|bidder_3e01bcb6ca9b
[23-04-2026 09:20:29] RESTART|bidder_698e73fad771
[23-04-2026 09:20:30] RESTART|auctioneer
[23-04-2026 09:20:31] RESTART|bidder_69475c8b276f
[23-04-2026 09:20:31] RESTART|bidding-processor
[23-04-2026 09:20:32] RESTART|message-processor
[23-04-2026 09:20:33] RESTART|bidder_3e01bcb6ca9b
[23-04-2026 09:20:36] RESTART|bidder_698e73fad771
[23-04-2026 09:20:36] RESTART|auctioneer
[23-04-2026 09:20:38] RESTART|bidder_69475c8b276f
[23-04-2026 09:20:38] RESTART|bidding-processor
[23-04-2026 09:20:39] RESTART|message-processor
[23-04-2026 09:20:40] RESTART|bidder_3e01bcb6ca9b
[23-04-2026 09:20:43] RESTART|bidder_698e73fad771
[23-04-2026 09:20:43] RESTART|auctioneer
[23-04-2026 09:20:44] RESTART|bidder_69475c8b276f
[23-04-2026 09:20:44] RESTART|bidding-processor
[23-04-2026 09:20:45] RESTART|message-processor
[23-04-2026 09:20:46] RESTART|bidder_3e01bcb6ca9b
[23-04-2026 09:20:49] RESTART|bidder_698e73fad771
[23-04-2026 09:20:49] RESTART|auctioneer
[23-04-2026 09:20:51] RESTART|bidder_69475c8b276f
[23-04-2026 09:20:51] RESTART|bidding-processor
[23-04-2026 09:20:52] RESTART|message-processor
[23-04-2026 09:20:53] RESTART|bidder_3e01bcb6ca9b
[23-04-2026 09:20:56] RESTART|bidder_698e73fad771
[23-04-2026 09:20:56] RESTART|auctioneer
[23-04-2026 09:20:57] RESTART|bidder_69475c8b276f
[23-04-2026 09:20:57] RESTART|bidding-processor
[23-04-2026 09:20:58] RESTART|message-processor
[23-04-2026 09:20:59] RESTART|bidder_3e01bcb6ca9b
[23-04-2026 09:21:02] RESTART|bidder_698e73fad771
[23-04-2026 09:21:03] RESTART|auctioneer
[23-04-2026 09:21:04] RESTART|bidder_69475c8b276f
[23-04-2026 09:21:04] RESTART|bidding-processor
[23-04-2026 09:21:05] RESTART|message-processor
[23-04-2026 09:21:06] RESTART|bidder_3e01bcb6ca9b
[23-04-2026 09:21:09] RESTART|bidder_698e73fad771
[23-04-2026 09:21:09] RESTART|auctioneer
[23-04-2026 09:21:10] RESTART|bidder_69475c8b276f
[23-04-2026 09:21:11] RESTART|bidding-processor
[23-04-2026 09:21:12] RESTART|message-processor
[23-04-2026 09:21:12] RESTART|bidder_3e01bcb6ca9b
[23-04-2026 09:21:16] RESTART|bidder_698e73fad771
[23-04-2026 09:21:16] RESTART|auctioneer
[23-04-2026 09:21:17] RESTART|bidder_69475c8b276f
[23-04-2026 09:21:17] RESTART|bidding-processor
[23-04-2026 09:21:18] RESTART|message-processor
[23-04-2026 09:21:19] RESTART|bidder_3e01bcb6ca9b
[23-04-2026 09:21:22] RESTART|bidder_698e73fad771
[23-04-2026 09:21:23] RESTART|auctioneer
[23-04-2026 09:21:24] RESTART|bidder_69475c8b276f
[23-04-2026 09:21:24] RESTART|bidding-processor
[23-04-2026 09:21:25] RESTART|message-processor
[23-04-2026 09:21:26] RESTART|bidder_3e01bcb6ca9b
[23-04-2026 09:21:29] RESTART|bidder_698e73fad771
[23-04-2026 09:21:29] RESTART|auctioneer
[23-04-2026 09:21:30] RESTART|bidder_69475c8b276f
[23-04-2026 09:21:30] RESTART|bidding-processor
[23-04-2026 09:21:31] RESTART|message-processor
[23-04-2026 09:21:32] RESTART|bidder_3e01bcb6ca9b
[23-04-2026 09:21:35] RESTART|bidder_698e73fad771
[23-04-2026 09:21:36] RESTART|auctioneer
[23-04-2026 09:21:37] RESTART|bidder_69475c8b276f
[23-04-2026 09:21:37] RESTART|bidding-processor
[23-04-2026 09:21:38] RESTART|message-processor
[23-04-2026 09:21:39] RESTART|bidder_3e01bcb6ca9b
[23-04-2026 09:21:42] RESTART|bidder_698e73fad771
[23-04-2026 09:21:42] RESTART|auctioneer
[23-04-2026 09:21:44] RESTART|bidder_69475c8b276f
[23-04-2026 09:21:44] RESTART|bidding-processor
[23-04-2026 09:21:45] RESTART|message-processor
[23-04-2026 09:21:46] RESTART|bidder_3e01bcb6ca9b
[23-04-2026 09:21:49] RESTART|bidder_698e73fad771
[23-04-2026 09:21:49] RESTART|auctioneer
[23-04-2026 09:21:50] RESTART|bidder_69475c8b276f
[23-04-2026 09:21:50] RESTART|bidding-processor
[23-04-2026 09:21:51] RESTART|message-processor
[23-04-2026 09:21:52] RESTART|bidder_3e01bcb6ca9b
[23-04-2026 09:21:55] RESTART|bidder_698e73fad771
[23-04-2026 09:21:55] RESTART|auctioneer
[23-04-2026 09:21:57] RESTART|bidder_69475c8b276f
[23-04-2026 09:21:57] RESTART|bidding-processor
[23-04-2026 09:21:58] RESTART|message-processor
[23-04-2026 09:21:59] RESTART|bidder_3e01bcb6ca9b
[23-04-2026 09:22:02] RESTART|bidder_698e73fad771
[23-04-2026 09:22:02] RESTART|auctioneer
[23-04-2026 09:22:03] RESTART|bidder_69475c8b276f
[23-04-2026 09:22:03] RESTART|bidding-processor
[23-04-2026 09:22:04] RESTART|message-processor
[23-04-2026 09:22:05] RESTART|bidder_3e01bcb6ca9b
[23-04-2026 09:22:09] RESTART|bidder_698e73fad771
[23-04-2026 09:22:09] RESTART|auctioneer
[23-04-2026 09:22:10] RESTART|bidder_69475c8b276f
[23-04-2026 09:22:10] RESTART|bidding-processor
[23-04-2026 09:22:11] RESTART|message-processor
[23-04-2026 09:22:12] RESTART|bidder_3e01bcb6ca9b
[23-04-2026 09:22:15] RESTART|bidder_698e73fad771
[23-04-2026 09:22:15] RESTART|auctioneer
[23-04-2026 09:22:16] RESTART|bidder_69475c8b276f
[23-04-2026 09:22:17] RESTART|bidding-processor
[23-04-2026 09:22:18] RESTART|message-processor
[23-04-2026 09:22:19] RESTART|bidder_3e01bcb6ca9b
[23-04-2026 09:22:22] RESTART|bidder_698e73fad771
[23-04-2026 09:22:22] RESTART|auctioneer
[23-04-2026 09:22:23] RESTART|bidder_69475c8b276f
[23-04-2026 09:22:23] RESTART|bidding-processor
[23-04-2026 09:22:24] RESTART|message-processor
[23-04-2026 09:22:25] RESTART|bidder_3e01bcb6ca9b
[23-04-2026 09:22:28] RESTART|bidder_698e73fad771
[23-04-2026 09:22:29] RESTART|auctioneer
[23-04-2026 09:22:30] RESTART|bidder_69475c8b276f
[23-04-2026 09:22:30] RESTART|bidding-processor
[23-04-2026 09:22:31] RESTART|message-processor
[23-04-2026 09:22:32] RESTART|bidder_3e01bcb6ca9b
[23-04-2026 09:22:35] RESTART|bidder_698e73fad771
[23-04-2026 09:22:35] RESTART|auctioneer
[23-04-2026 09:22:37] RESTART|bidder_69475c8b276f
[23-04-2026 09:22:37] RESTART|bidding-processor
[23-04-2026 09:22:38] RESTART|message-processor
[23-04-2026 09:22:39] RESTART|bidder_3e01bcb6ca9b
[23-04-2026 09:22:42] RESTART|bidder_698e73fad771
[23-04-2026 09:22:42] RESTART|auctioneer
[23-04-2026 09:22:43] RESTART|bidder_69475c8b276f
[23-04-2026 09:22:44] RESTART|bidding-processor
[23-04-2026 09:22:44] RESTART|message-processor
[23-04-2026 09:22:45] RESTART|bidder_3e01bcb6ca9b
[23-04-2026 09:22:49] RESTART|bidder_698e73fad771
[23-04-2026 09:22:49] RESTART|auctioneer
[23-04-2026 09:22:50] RESTART|bidder_69475c8b276f
[23-04-2026 09:22:50] RESTART|bidding-processor
[23-04-2026 09:22:51] RESTART|message-processor
[23-04-2026 09:22:52] RESTART|bidder_3e01bcb6ca9b
[23-04-2026 09:22:55] RESTART|bidder_698e73fad771
[23-04-2026 09:22:55] RESTART|auctioneer
[23-04-2026 09:22:56] RESTART|bidder_69475c8b276f
[23-04-2026 09:22:57] RESTART|bidding-processor
[23-04-2026 09:22:57] RESTART|message-processor
[23-04-2026 09:22:58] RESTART|bidder_3e01bcb6ca9b
[23-04-2026 09:23:01] RESTART|bidder_698e73fad771
[23-04-2026 09:23:02] RESTART|auctioneer
[23-04-2026 09:23:03] RESTART|bidder_69475c8b276f
[23-04-2026 09:23:03] RESTART|bidding-processor
[23-04-2026 09:23:04] RESTART|message-processor
[23-04-2026 09:23:05] RESTART|bidder_3e01bcb6ca9b
[23-04-2026 09:23:08] RESTART|bidder_698e73fad771
[23-04-2026 09:23:08] RESTART|auctioneer
[23-04-2026 09:23:09] RESTART|bidder_69475c8b276f
[23-04-2026 09:23:09] RESTART|bidding-processor
[23-04-2026 09:23:10] RESTART|message-processor
[23-04-2026 09:23:11] RESTART|bidder_3e01bcb6ca9b
[23-04-2026 09:23:14] RESTART|bidder_698e73fad771
[23-04-2026 09:23:15] RESTART|auctioneer
[23-04-2026 09:23:16] RESTART|bidder_69475c8b276f
[23-04-2026 09:23:16] RESTART|bidding-processor
[23-04-2026 09:23:17] RESTART|message-processor
[23-04-2026 09:23:18] RESTART|bidder_3e01bcb6ca9b
[23-04-2026 09:23:21] RESTART|bidder_698e73fad771
[23-04-2026 09:23:21] RESTART|auctioneer
[23-04-2026 09:23:22] RESTART|bidder_69475c8b276f
[23-04-2026 09:23:23] RESTART|bidding-processor
[23-04-2026 09:23:24] RESTART|message-processor
[23-04-2026 09:23:24] RESTART|bidder_3e01bcb6ca9b
[23-04-2026 09:23:28] RESTART|bidder_698e73fad771
[23-04-2026 09:23:28] RESTART|auctioneer
[23-04-2026 09:23:29] RESTART|bidder_69475c8b276f
[23-04-2026 09:23:29] RESTART|bidding-processor
[23-04-2026 09:23:30] RESTART|message-processor
[23-04-2026 09:23:31] RESTART|bidder_3e01bcb6ca9b
[23-04-2026 09:23:34] RESTART|bidder_698e73fad771
[23-04-2026 09:23:35] RESTART|auctioneer
[23-04-2026 09:23:36] RESTART|bidder_69475c8b276f
[23-04-2026 09:23:36] RESTART|bidding-processor
[23-04-2026 09:23:37] RESTART|message-processor
[23-04-2026 09:23:38] RESTART|bidder_3e01bcb6ca9b
[23-04-2026 09:23:41] RESTART|bidder_698e73fad771
[23-04-2026 09:23:41] RESTART|auctioneer
[23-04-2026 09:23:43] RESTART|bidder_69475c8b276f
[23-04-2026 09:23:43] RESTART|bidding-processor
[23-04-2026 09:23:44] RESTART|message-processor
[23-04-2026 09:23:45] RESTART|bidder_3e01bcb6ca9b
[23-04-2026 09:23:48] RESTART|bidder_698e73fad771
[23-04-2026 09:23:48] RESTART|auctioneer
[23-04-2026 09:23:49] RESTART|bidder_69475c8b276f
[23-04-2026 09:23:50] RESTART|bidding-processor
[23-04-2026 09:23:50] RESTART|message-processor
[23-04-2026 09:23:51] RESTART|bidder_3e01bcb6ca9b
[23-04-2026 09:23:54] RESTART|bidder_698e73fad771
[23-04-2026 09:23:55] RESTART|auctioneer
[23-04-2026 09:23:56] RESTART|bidder_69475c8b276f
[23-04-2026 09:23:56] RESTART|bidding-processor
[23-04-2026 09:23:57] RESTART|message-processor
[23-04-2026 09:23:58] RESTART|bidder_3e01bcb6ca9b
[23-04-2026 09:24:01] RESTART|bidder_698e73fad771
[23-04-2026 09:24:01] RESTART|auctioneer
[23-04-2026 09:24:03] RESTART|bidder_69475c8b276f
[23-04-2026 09:24:03] RESTART|bidding-processor
[23-04-2026 09:24:04] RESTART|message-processor
[23-04-2026 09:24:05] RESTART|bidder_3e01bcb6ca9b
[23-04-2026 09:24:08] RESTART|bidder_698e73fad771
[23-04-2026 09:24:08] RESTART|auctioneer
[23-04-2026 09:24:09] RESTART|bidder_69475c8b276f
[23-04-2026 09:24:09] RESTART|bidding-processor
[23-04-2026 09:24:10] RESTART|message-processor
[23-04-2026 09:24:11] RESTART|bidder_3e01bcb6ca9b
[23-04-2026 09:24:14] RESTART|bidder_698e73fad771
[23-04-2026 09:24:15] RESTART|auctioneer
[23-04-2026 09:24:16] RESTART|bidder_69475c8b276f
[23-04-2026 09:24:16] RESTART|bidding-processor
[23-04-2026 09:24:17] RESTART|message-processor
[23-04-2026 09:24:18] RESTART|bidder_3e01bcb6ca9b
[23-04-2026 09:24:21] RESTART|bidder_698e73fad771
[23-04-2026 09:24:21] RESTART|auctioneer
[23-04-2026 09:24:23] RESTART|bidder_69475c8b276f
[23-04-2026 09:24:23] RESTART|bidding-processor
[23-04-2026 09:24:24] RESTART|message-processor
[23-04-2026 09:24:25] RESTART|bidder_3e01bcb6ca9b
[23-04-2026 09:24:28] RESTART|bidder_698e73fad771
[23-04-2026 09:24:28] RESTART|auctioneer
[23-04-2026 09:24:29] RESTART|bidder_69475c8b276f
[23-04-2026 09:24:29] RESTART|bidding-processor
[23-04-2026 09:24:30] RESTART|message-processor
[23-04-2026 09:24:31] RESTART|bidder_3e01bcb6ca9b
[23-04-2026 09:24:34] RESTART|bidder_698e73fad771
[23-04-2026 09:24:35] RESTART|auctioneer
[23-04-2026 09:24:36] RESTART|bidder_69475c8b276f
[23-04-2026 09:24:36] RESTART|bidding-processor
[23-04-2026 09:24:37] RESTART|message-processor
[23-04-2026 09:24:38] RESTART|bidder_3e01bcb6ca9b
[23-04-2026 09:24:41] RESTART|bidder_698e73fad771
[23-04-2026 09:24:41] RESTART|auctioneer
[23-04-2026 09:24:43] RESTART|bidder_69475c8b276f
[23-04-2026 09:24:43] RESTART|bidding-processor
[23-04-2026 09:24:44] RESTART|message-processor
[23-04-2026 09:24:45] RESTART|bidder_3e01bcb6ca9b
[23-04-2026 09:24:48] RESTART|bidder_698e73fad771
[23-04-2026 09:24:48] RESTART|auctioneer
[23-04-2026 09:24:49] RESTART|bidder_69475c8b276f
[23-04-2026 09:24:50] RESTART|bidding-processor
[23-04-2026 09:24:51] RESTART|message-processor
[23-04-2026 09:24:51] RESTART|bidder_3e01bcb6ca9b
[23-04-2026 09:24:55] RESTART|bidder_698e73fad771
[23-04-2026 09:24:55] RESTART|auctioneer
[23-04-2026 09:24:56] RESTART|bidder_69475c8b276f
[23-04-2026 09:24:56] RESTART|bidding-processor
[23-04-2026 09:24:57] RESTART|message-processor
[23-04-2026 09:24:58] RESTART|bidder_3e01bcb6ca9b
[23-04-2026 09:25:01] RESTART|bidder_698e73fad771
[23-04-2026 09:25:01] RESTART|auctioneer
[23-04-2026 09:25:03] RESTART|bidder_69475c8b276f
[23-04-2026 09:25:03] RESTART|bidding-processor
[23-04-2026 09:25:04] RESTART|message-processor
[23-04-2026 09:25:05] RESTART|bidder_3e01bcb6ca9b
[23-04-2026 09:25:08] RESTART|bidder_698e73fad771
[23-04-2026 09:25:08] RESTART|auctioneer
[23-04-2026 09:25:09] RESTART|bidder_69475c8b276f
[23-04-2026 09:25:10] RESTART|bidding-processor
[23-04-2026 09:25:11] RESTART|message-processor
[23-04-2026 09:25:11] RESTART|bidder_3e01bcb6ca9b
[23-04-2026 09:25:15] RESTART|bidder_698e73fad771
[23-04-2026 09:25:15] RESTART|auctioneer
[23-04-2026 09:25:16] RESTART|bidder_69475c8b276f
[23-04-2026 09:25:16] RESTART|bidding-processor
[23-04-2026 09:25:17] RESTART|message-processor
[23-04-2026 09:25:18] RESTART|bidder_3e01bcb6ca9b
[23-04-2026 09:25:21] RESTART|bidder_698e73fad771
[23-04-2026 09:25:21] RESTART|auctioneer
[23-04-2026 09:25:23] RESTART|bidder_69475c8b276f
[23-04-2026 09:25:23] RESTART|bidding-processor
[23-04-2026 09:25:24] RESTART|message-processor
[23-04-2026 09:25:25] RESTART|bidder_3e01bcb6ca9b
[23-04-2026 09:25:28] RESTART|bidder_698e73fad771
[23-04-2026 09:25:28] RESTART|auctioneer
[23-04-2026 09:25:29] RESTART|bidder_69475c8b276f
